Bending,162 255 163 187,1.0,1.0 1.0
Bending,163 255 162 166,1.0,1.0 1.0
Bending,187 255 162 166,1.0,1.0 1.0
Bending,166 255 163 187,1.0,1.0 1.0
Bending,162 163 40 255,1.0,1.0 1.0
Bending,162 187 72 255,1.0,1.0 1.0
Bending,40 162 224 163,1.0,1.0 1.0
Bending,72 162 224 187,1.0,1.0 1.0
Bending,224 162 40 72,1.0,1.0 1.0
Bending,163 166 45 255,1.0,1.0 1.0
Bending,40 163 225 162,1.0,1.0 1.0
Bending,163 45 225 166,1.0,1.0 1.0
Bending,225 163 40 45,1.0,1.0 1.0
Bending,187 166 85 255,1.0,1.0 1.0
Bending,72 187 162 237,1.0,1.0 1.0
Bending,187 85 166 237,1.0,1.0 1.0
Bending,187 237 85 72,1.0,1.0 1.0
Bending,45 166 163 227,1.0,1.0 1.0
Bending,85 166 227 187,1.0,1.0 1.0
Bending,227 166 85 45,1.0,1.0 1.0
Bending,40 224 162 39,1.0,1.0 1.0
Bending,40 225 163 41,1.0,1.0 1.0
Bending,40 39 224 41,1.0,1.0 1.0
Bending,40 41 225 39,1.0,1.0 1.0
Bending,72 224 162 73,1.0,1.0 1.0
Bending,72 237 74 187,1.0,1.0 1.0
Bending,72 73 224 74,1.0,1.0 1.0
Bending,72 74 73 237,1.0,1.0 1.0
Bending,225 45 163 47,1.0,1.0 1.0
Bending,227 45 166 46,1.0,1.0 1.0
Bending,45 47 225 46,1.0,1.0 1.0
Bending,45 46 227 47,1.0,1.0 1.0
Bending,85 237 86 187,1.0,1.0 1.0
Bending,227 85 84 166,1.0,1.0 1.0
Bending,85 86 84 237,1.0,1.0 1.0
Bending,84 85 227 86,1.0,1.0 1.0
Bending,224 39 161 40,1.0,1.0 1.0
Bending,224 73 161 72,1.0,1.0 1.0
Bending,224 161 39 73,1.0,1.0 1.0
Bending,225 41 160 40,1.0,1.0 1.0
Bending,225 47 160 45,1.0,1.0 1.0
Bending,160 225 41 47,1.0,1.0 1.0
Bending,74 237 72 186,1.0,1.0 1.0
Bending,237 86 85 186,1.0,1.0 1.0
Bending,186 237 86 74,1.0,1.0 1.0
Bending,227 46 167 45,1.0,1.0 1.0
Bending,227 84 85 167,1.0,1.0 1.0
Bending,227 167 84 46,1.0,1.0 1.0
Bending,41 39 196 40,1.0,1.0 1.0
Bending,161 39 224 105,1.0,1.0 1.0
Bending,196 39 41 105,1.0,1.0 1.0
Bending,105 39 161 196,1.0,1.0 1.0
Bending,73 74 72 207,1.0,1.0 1.0
Bending,73 161 128 224,1.0,1.0 1.0
Bending,73 207 128 74,1.0,1.0 1.0
Bending,128 73 161 207,1.0,1.0 1.0
Bending,160 41 225 106,1.0,1.0 1.0
Bending,41 196 39 106,1.0,1.0 1.0
Bending,41 106 160 196,1.0,1.0 1.0
Bending,74 186 237 126,1.0,1.0 1.0
Bending,74 207 73 126,1.0,1.0 1.0
Bending,74 126 186 207,1.0,1.0 1.0
Bending,46 47 198 45,1.0,1.0 1.0
Bending,160 47 225 108,1.0,1.0 1.0
Bending,198 47 108 46,1.0,1.0 1.0
Bending,108 47 160 198,1.0,1.0 1.0
Bending,84 86 211 85,1.0,1.0 1.0
Bending,186 86 136 237,1.0,1.0 1.0
Bending,211 86 84 136,1.0,1.0 1.0
Bending,136 86 211 186,1.0,1.0 1.0
Bending,46 167 227 110,1.0,1.0 1.0
Bending,46 198 110 47,1.0,1.0 1.0
Bending,46 110 198 167,1.0,1.0 1.0
Bending,84 167 227 135,1.0,1.0 1.0
Bending,211 84 86 135,1.0,1.0 1.0
Bending,84 135 211 167,1.0,1.0 1.0
Bending,161 105 243 39,1.0,1.0 1.0
Bending,128 161 243 73,1.0,1.0 1.0
Bending,161 243 128 105,1.0,1.0 1.0
Bending,160 106 244 41,1.0,1.0 1.0
Bending,160 108 244 47,1.0,1.0 1.0
Bending,160 244 106 108,1.0,1.0 1.0
Bending,186 126 74 250,1.0,1.0 1.0
Bending,136 186 86 250,1.0,1.0 1.0
Bending,186 250 136 126,1.0,1.0 1.0
Bending,110 167 245 46,1.0,1.0 1.0
Bending,135 167 84 245,1.0,1.0 1.0
Bending,245 167 135 110,1.0,1.0 1.0
Bending,105 196 3 39,1.0,1.0 1.0
Bending,106 196 4 41,1.0,1.0 1.0
Bending,3 196 4 105,1.0,1.0 1.0
Bending,196 4 3 106,1.0,1.0 1.0
Bending,128 207 73 15,1.0,1.0 1.0
Bending,126 207 17 74,1.0,1.0 1.0
Bending,15 207 128 17,1.0,1.0 1.0
Bending,17 207 126 15,1.0,1.0 1.0
Bending,108 198 8 47,1.0,1.0 1.0
Bending,198 110 6 46,1.0,1.0 1.0
Bending,8 198 6 108,1.0,1.0 1.0
Bending,198 6 8 110,1.0,1.0 1.0
Bending,136 211 19 86,1.0,1.0 1.0
Bending,211 135 18 84,1.0,1.0 1.0
Bending,211 19 18 136,1.0,1.0 1.0
Bending,18 211 19 135,1.0,1.0 1.0
Bending,105 243 161 104,1.0,1.0 1.0
Bending,105 3 196 104,1.0,1.0 1.0
Bending,104 105 3 243,1.0,1.0 1.0
Bending,128 243 129 161,1.0,1.0 1.0
Bending,128 15 129 207,1.0,1.0 1.0
Bending,128 129 243 15,1.0,1.0 1.0
Bending,106 244 160 107,1.0,1.0 1.0
Bending,106 4 196 107,1.0,1.0 1.0
Bending,106 107 4 244,1.0,1.0 1.0
Bending,250 126 186 127,1.0,1.0 1.0
Bending,17 126 127 207,1.0,1.0 1.0
Bending,126 127 17 250,1.0,1.0 1.0
Bending,108 244 160 109,1.0,1.0 1.0
Bending,8 108 198 109,1.0,1.0 1.0
Bending,108 109 244 8,1.0,1.0 1.0
Bending,136 250 137 186,1.0,1.0 1.0
Bending,136 19 211 137,1.0,1.0 1.0
Bending,136 137 19 250,1.0,1.0 1.0
Bending,245 110 167 111,1.0,1.0 1.0
Bending,110 6 198 111,1.0,1.0 1.0
Bending,110 111 245 6,1.0,1.0 1.0
Bending,245 135 134 167,1.0,1.0 1.0
Bending,18 135 211 134,1.0,1.0 1.0
Bending,134 135 18 245,1.0,1.0 1.0
Bending,104 243 105 159,1.0,1.0 1.0
Bending,129 243 128 159,1.0,1.0 1.0
Bending,243 159 129 104,1.0,1.0 1.0
Bending,107 244 106 157,1.0,1.0 1.0
Bending,244 109 108 157,1.0,1.0 1.0
Bending,244 157 107 109,1.0,1.0 1.0
Bending,250 127 185 126,1.0,1.0 1.0
Bending,137 250 136 185,1.0,1.0 1.0
Bending,185 250 137 127,1.0,1.0 1.0
Bending,245 111 169 110,1.0,1.0 1.0
Bending,245 134 135 169,1.0,1.0 1.0
Bending,169 245 134 111,1.0,1.0 1.0
Bending,3 4 196 5,1.0,1.0 1.0
Bending,104 3 195 105,1.0,1.0 1.0
Bending,3 5 195 4,1.0,1.0 1.0
Bending,3 195 5 104,1.0,1.0 1.0
Bending,17 15 16 207,1.0,1.0 1.0
Bending,129 15 128 208,1.0,1.0 1.0
Bending,16 15 208 17,1.0,1.0 1.0
Bending,208 15 16 129,1.0,1.0 1.0
Bending,107 4 197 106,1.0,1.0 1.0
Bending,4 5 3 197,1.0,1.0 1.0
Bending,4 197 5 107,1.0,1.0 1.0
Bending,17 127 209 126,1.0,1.0 1.0
Bending,16 17 209 15,1.0,1.0 1.0
Bending,17 209 16 127,1.0,1.0 1.0
Bending,8 6 198 7,1.0,1.0 1.0
Bending,8 109 200 108,1.0,1.0 1.0
Bending,8 7 6 200,1.0,1.0 1.0
Bending,8 200 7 109,1.0,1.0 1.0
Bending,18 19 211 20,1.0,1.0 1.0
Bending,137 19 212 136,1.0,1.0 1.0
Bending,19 20 18 212,1.0,1.0 1.0
Bending,19 212 20 137,1.0,1.0 1.0
Bending,6 111 199 110,1.0,1.0 1.0
Bending,6 7 199 8,1.0,1.0 1.0
Bending,6 199 7 111,1.0,1.0 1.0
Bending,18 134 210 135,1.0,1.0 1.0
Bending,18 20 210 19,1.0,1.0 1.0
Bending,18 210 20 134,1.0,1.0 1.0
Bending,104 159 243 37,1.0,1.0 1.0
Bending,104 195 3 37,1.0,1.0 1.0
Bending,104 37 195 159,1.0,1.0 1.0
Bending,129 159 243 75,1.0,1.0 1.0
Bending,208 129 75 15,1.0,1.0 1.0
Bending,129 75 208 159,1.0,1.0 1.0
Bending,107 157 34 244,1.0,1.0 1.0
Bending,107 197 34 4,1.0,1.0 1.0
Bending,34 107 197 157,1.0,1.0 1.0
Bending,185 127 69 250,1.0,1.0 1.0
Bending,209 127 17 69,1.0,1.0 1.0
Bending,69 127 209 185,1.0,1.0 1.0
Bending,109 157 244 42,1.0,1.0 1.0
Bending,200 109 8 42,1.0,1.0 1.0
Bending,42 109 200 157,1.0,1.0 1.0
Bending,137 185 250 79,1.0,1.0 1.0
Bending,137 212 19 79,1.0,1.0 1.0
Bending,137 79 212 185,1.0,1.0 1.0
Bending,169 111 48 245,1.0,1.0 1.0
Bending,199 111 48 6,1.0,1.0 1.0
Bending,48 111 199 169,1.0,1.0 1.0
Bending,169 134 82 245,1.0,1.0 1.0
Bending,210 134 18 82,1.0,1.0 1.0
Bending,82 134 210 169,1.0,1.0 1.0
Bending,37 159 104 223,1.0,1.0 1.0
Bending,75 159 129 223,1.0,1.0 1.0
Bending,223 159 37 75,1.0,1.0 1.0
Bending,34 157 107 222,1.0,1.0 1.0
Bending,42 157 109 222,1.0,1.0 1.0
Bending,157 222 34 42,1.0,1.0 1.0
Bending,185 69 236 127,1.0,1.0 1.0
Bending,185 79 137 236,1.0,1.0 1.0
Bending,185 236 69 79,1.0,1.0 1.0
Bending,48 169 228 111,1.0,1.0 1.0
Bending,169 82 228 134,1.0,1.0 1.0
Bending,169 228 48 82,1.0,1.0 1.0
Bending,195 5 3 102,1.0,1.0 1.0
Bending,5 197 4 103,1.0,1.0 1.0
Bending,5 102 195 103,1.0,1.0 1.0
Bending,5 103 197 102,1.0,1.0 1.0
Bending,16 208 130 15,1.0,1.0 1.0
Bending,16 209 17 131,1.0,1.0 1.0
Bending,16 130 208 131,1.0,1.0 1.0
Bending,16 131 209 130,1.0,1.0 1.0
Bending,200 7 113 8,1.0,1.0 1.0
Bending,199 7 112 6,1.0,1.0 1.0
Bending,113 7 112 200,1.0,1.0 1.0
Bending,112 7 113 199,1.0,1.0 1.0
Bending,20 212 19 133,1.0,1.0 1.0
Bending,210 20 18 132,1.0,1.0 1.0
Bending,20 133 132 212,1.0,1.0 1.0
Bending,20 132 210 133,1.0,1.0 1.0
Bending,195 37 38 104,1.0,1.0 1.0
Bending,195 102 5 38,1.0,1.0 1.0
Bending,195 38 37 102,1.0,1.0 1.0
Bending,208 75 129 77,1.0,1.0 1.0
Bending,208 130 16 77,1.0,1.0 1.0
Bending,208 77 130 75,1.0,1.0 1.0
Bending,34 197 33 107,1.0,1.0 1.0
Bending,197 103 33 5,1.0,1.0 1.0
Bending,33 197 34 103,1.0,1.0 1.0
Bending,209 69 70 127,1.0,1.0 1.0
Bending,209 131 16 70,1.0,1.0 1.0
Bending,209 70 131 69,1.0,1.0 1.0
Bending,200 42 43 109,1.0,1.0 1.0
Bending,200 113 7 43,1.0,1.0 1.0
Bending,200 43 113 42,1.0,1.0 1.0
Bending,212 79 137 78,1.0,1.0 1.0
Bending,212 133 20 78,1.0,1.0 1.0
Bending,212 78 133 79,1.0,1.0 1.0
Bending,48 199 50 111,1.0,1.0 1.0
Bending,112 199 50 7,1.0,1.0 1.0
Bending,50 199 48 112,1.0,1.0 1.0
Bending,210 82 83 134,1.0,1.0 1.0
Bending,210 132 83 20,1.0,1.0 1.0
Bending,210 83 82 132,1.0,1.0 1.0
Bending,37 223 36 159,1.0,1.0 1.0
Bending,37 38 195 36,1.0,1.0 1.0
Bending,36 37 38 223,1.0,1.0 1.0
Bending,75 223 76 159,1.0,1.0 1.0
Bending,75 77 208 76,1.0,1.0 1.0
Bending,75 76 77 223,1.0,1.0 1.0
Bending,34 222 35 157,1.0,1.0 1.0
Bending,33 34 35 197,1.0,1.0 1.0
Bending,34 35 33 222,1.0,1.0 1.0
Bending,236 69 71 185,1.0,1.0 1.0
Bending,69 70 209 71,1.0,1.0 1.0
Bending,69 71 70 236,1.0,1.0 1.0
Bending,42 222 44 157,1.0,1.0 1.0
Bending,42 43 200 44,1.0,1.0 1.0
Bending,42 44 43 222,1.0,1.0 1.0
Bending,236 79 80 185,1.0,1.0 1.0
Bending,78 79 80 212,1.0,1.0 1.0
Bending,80 79 236 78,1.0,1.0 1.0
Bending,48 228 49 169,1.0,1.0 1.0
Bending,48 50 49 199,1.0,1.0 1.0
Bending,48 49 50 228,1.0,1.0 1.0
Bending,82 228 81 169,1.0,1.0 1.0
Bending,82 83 81 210,1.0,1.0 1.0
Bending,81 82 83 228,1.0,1.0 1.0
Bending,36 223 37 158,1.0,1.0 1.0
Bending,76 223 75 158,1.0,1.0 1.0
Bending,158 223 36 76,1.0,1.0 1.0
Bending,35 222 34 156,1.0,1.0 1.0
Bending,44 222 42 156,1.0,1.0 1.0
Bending,156 222 35 44,1.0,1.0 1.0
Bending,236 71 69 184,1.0,1.0 1.0
Bending,80 236 184 79,1.0,1.0 1.0
Bending,184 236 80 71,1.0,1.0 1.0
Bending,49 228 48 170,1.0,1.0 1.0
Bending,81 228 82 170,1.0,1.0 1.0
Bending,170 228 49 81,1.0,1.0 1.0
Bending,102 103 242 5,1.0,1.0 1.0
Bending,102 38 195 152,1.0,1.0 1.0
Bending,152 102 242 38,1.0,1.0 1.0
Bending,242 102 103 152,1.0,1.0 1.0
Bending,130 131 16 248,1.0,1.0 1.0
Bending,130 77 208 180,1.0,1.0 1.0
Bending,130 180 248 77,1.0,1.0 1.0
Bending,248 130 131 180,1.0,1.0 1.0
Bending,33 103 147 197,1.0,1.0 1.0
Bending,242 103 147 102,1.0,1.0 1.0
Bending,147 103 33 242,1.0,1.0 1.0
Bending,131 70 209 178,1.0,1.0 1.0
Bending,248 131 130 178,1.0,1.0 1.0
Bending,178 131 70 248,1.0,1.0 1.0
Bending,112 113 246 7,1.0,1.0 1.0
Bending,113 43 165 200,1.0,1.0 1.0
Bending,113 165 246 43,1.0,1.0 1.0
Bending,113 246 112 165,1.0,1.0 1.0
Bending,132 133 20 251,1.0,1.0 1.0
Bending,133 78 212 189,1.0,1.0 1.0
Bending,133 189 251 78,1.0,1.0 1.0
Bending,251 133 132 189,1.0,1.0 1.0
Bending,112 50 199 168,1.0,1.0 1.0
Bending,112 246 113 168,1.0,1.0 1.0
Bending,112 168 50 246,1.0,1.0 1.0
Bending,83 132 210 190,1.0,1.0 1.0
Bending,251 132 133 190,1.0,1.0 1.0
Bending,132 190 83 251,1.0,1.0 1.0
Bending,36 38 37 221,1.0,1.0 1.0
Bending,221 38 36 152,1.0,1.0 1.0
Bending,152 38 102 221,1.0,1.0 1.0
Bending,76 77 234 75,1.0,1.0 1.0
Bending,234 77 180 76,1.0,1.0 1.0
Bending,180 77 130 234,1.0,1.0 1.0
Bending,33 35 34 217,1.0,1.0 1.0
Bending,33 147 103 217,1.0,1.0 1.0
Bending,33 217 35 147,1.0,1.0 1.0
Bending,70 71 69 232,1.0,1.0 1.0
Bending,178 70 131 232,1.0,1.0 1.0
Bending,232 70 178 71,1.0,1.0 1.0
Bending,43 44 226 42,1.0,1.0 1.0
Bending,226 43 165 44,1.0,1.0 1.0
Bending,43 165 113 226,1.0,1.0 1.0
Bending,80 78 238 79,1.0,1.0 1.0
Bending,78 238 80 189,1.0,1.0 1.0
Bending,189 78 133 238,1.0,1.0 1.0
Bending,49 50 48 229,1.0,1.0 1.0
Bending,168 50 112 229,1.0,1.0 1.0
Bending,50 229 49 168,1.0,1.0 1.0
Bending,81 83 82 239,1.0,1.0 1.0
Bending,83 190 132 239,1.0,1.0 1.0
Bending,83 239 81 190,1.0,1.0 1.0
Bending,36 158 155 223,1.0,1.0 1.0
Bending,155 36 221 158,1.0,1.0 1.0
Bending,36 221 38 155,1.0,1.0 1.0
Bending,76 158 181 223,1.0,1.0 1.0
Bending,76 181 234 158,1.0,1.0 1.0
Bending,234 76 181 77,1.0,1.0 1.0
Bending,35 156 145 222,1.0,1.0 1.0
Bending,217 35 33 145,1.0,1.0 1.0
Bending,145 35 217 156,1.0,1.0 1.0
Bending,184 71 176 236,1.0,1.0 1.0
Bending,232 71 176 70,1.0,1.0 1.0
Bending,176 71 184 232,1.0,1.0 1.0
Bending,44 156 164 222,1.0,1.0 1.0
Bending,44 164 226 156,1.0,1.0 1.0
Bending,226 44 164 43,1.0,1.0 1.0
Bending,80 184 188 236,1.0,1.0 1.0
Bending,80 188 184 238,1.0,1.0 1.0
Bending,80 238 188 78,1.0,1.0 1.0
Bending,49 170 228 171,1.0,1.0 1.0
Bending,49 229 50 171,1.0,1.0 1.0
Bending,49 171 229 170,1.0,1.0 1.0
Bending,81 170 228 191,1.0,1.0 1.0
Bending,81 239 83 191,1.0,1.0 1.0
Bending,81 191 170 239,1.0,1.0 1.0
Bending,158 254 181 155,1.0,1.0 1.0
Bending,155 158 36 254,1.0,1.0 1.0
Bending,181 158 76 254,1.0,1.0 1.0
Bending,145 156 35 252,1.0,1.0 1.0
Bending,156 252 145 164,1.0,1.0 1.0
Bending,156 164 44 252,1.0,1.0 1.0
Bending,184 176 257 71,1.0,1.0 1.0
Bending,184 257 176 188,1.0,1.0 1.0
Bending,184 188 80 257,1.0,1.0 1.0
Bending,170 171 256 49,1.0,1.0 1.0
Bending,170 191 256 81,1.0,1.0 1.0
Bending,256 170 171 191,1.0,1.0 1.0
Bending,155 254 154 158,1.0,1.0 1.0
Bending,181 254 154 158,1.0,1.0 1.0
Bending,154 254 181 155,1.0,1.0 1.0
Bending,155 221 36 31,1.0,1.0 1.0
Bending,154 155 254 31,1.0,1.0 1.0
Bending,155 31 154 221,1.0,1.0 1.0
Bending,234 181 76 63,1.0,1.0 1.0
Bending,154 181 254 63,1.0,1.0 1.0
Bending,181 63 154 234,1.0,1.0 1.0
Bending,152 221 32 38,1.0,1.0 1.0
Bending,221 31 32 155,1.0,1.0 1.0
Bending,32 221 152 31,1.0,1.0 1.0
Bending,234 180 65 77,1.0,1.0 1.0
Bending,234 63 65 181,1.0,1.0 1.0
Bending,65 234 180 63,1.0,1.0 1.0
Bending,152 242 100 102,1.0,1.0 1.0
Bending,152 32 100 221,1.0,1.0 1.0
Bending,152 100 32 242,1.0,1.0 1.0
Bending,248 180 130 120,1.0,1.0 1.0
Bending,65 180 120 234,1.0,1.0 1.0
Bending,120 180 65 248,1.0,1.0 1.0
Bending,242 147 101 103,1.0,1.0 1.0
Bending,242 100 101 152,1.0,1.0 1.0
Bending,242 101 147 100,1.0,1.0 1.0
Bending,248 178 131 121,1.0,1.0 1.0
Bending,248 120 180 121,1.0,1.0 1.0
Bending,248 121 178 120,1.0,1.0 1.0
Bending,217 147 33 25,1.0,1.0 1.0
Bending,25 147 101 217,1.0,1.0 1.0
Bending,147 101 242 25,1.0,1.0 1.0
Bending,232 178 70 60,1.0,1.0 1.0
Bending,178 60 232 121,1.0,1.0 1.0
Bending,121 178 248 60,1.0,1.0 1.0
Bending,217 145 35 26,1.0,1.0 1.0
Bending,217 26 145 25,1.0,1.0 1.0
Bending,217 25 147 26,1.0,1.0 1.0
Bending,232 176 71 62,1.0,1.0 1.0
Bending,232 62 176 60,1.0,1.0 1.0
Bending,232 60 178 62,1.0,1.0 1.0
Bending,145 252 144 156,1.0,1.0 1.0
Bending,144 145 26 252,1.0,1.0 1.0
Bending,145 26 144 217,1.0,1.0 1.0
Bending,176 257 177 184,1.0,1.0 1.0
Bending,176 177 257 62,1.0,1.0 1.0
Bending,176 62 177 232,1.0,1.0 1.0
Bending,252 164 144 156,1.0,1.0 1.0
Bending,144 252 145 164,1.0,1.0 1.0
Bending,257 188 177 184,1.0,1.0 1.0
Bending,257 177 176 188,1.0,1.0 1.0
Bending,226 164 53 44,1.0,1.0 1.0
Bending,144 164 53 252,1.0,1.0 1.0
Bending,164 53 144 226,1.0,1.0 1.0
Bending,188 238 80 89,1.0,1.0 1.0
Bending,177 188 257 89,1.0,1.0 1.0
Bending,89 188 177 238,1.0,1.0 1.0
Bending,226 165 51 43,1.0,1.0 1.0
Bending,226 53 51 164,1.0,1.0 1.0
Bending,226 51 53 165,1.0,1.0 1.0
Bending,189 238 88 78,1.0,1.0 1.0
Bending,89 238 88 188,1.0,1.0 1.0
Bending,88 238 89 189,1.0,1.0 1.0
Bending,165 246 113 115,1.0,1.0 1.0
Bending,51 165 226 115,1.0,1.0 1.0
Bending,115 165 51 246,1.0,1.0 1.0
Bending,251 189 133 143,1.0,1.0 1.0
Bending,88 189 238 143,1.0,1.0 1.0
Bending,189 143 88 251,1.0,1.0 1.0
Bending,168 246 112 114,1.0,1.0 1.0
Bending,115 246 114 165,1.0,1.0 1.0
Bending,114 246 115 168,1.0,1.0 1.0
Bending,251 190 132 142,1.0,1.0 1.0
Bending,251 143 189 142,1.0,1.0 1.0
Bending,251 142 190 143,1.0,1.0 1.0
Bending,168 229 50 56,1.0,1.0 1.0
Bending,168 56 114 229,1.0,1.0 1.0
Bending,168 114 246 56,1.0,1.0 1.0
Bending,190 239 83 95,1.0,1.0 1.0
Bending,190 95 142 239,1.0,1.0 1.0
Bending,190 142 251 95,1.0,1.0 1.0
Bending,171 229 49 54,1.0,1.0 1.0
Bending,229 54 56 171,1.0,1.0 1.0
Bending,56 229 54 168,1.0,1.0 1.0
Bending,191 239 81 94,1.0,1.0 1.0
Bending,94 239 95 191,1.0,1.0 1.0
Bending,95 239 190 94,1.0,1.0 1.0
Bending,256 171 170 172,1.0,1.0 1.0
Bending,171 172 256 54,1.0,1.0 1.0
Bending,171 54 229 172,1.0,1.0 1.0
Bending,256 191 170 172,1.0,1.0 1.0
Bending,172 191 256 94,1.0,1.0 1.0
Bending,94 191 172 239,1.0,1.0 1.0
Bending,256 172 171 191,1.0,1.0 1.0
Bending,154 31 155 220,1.0,1.0 1.0
Bending,154 63 181 220,1.0,1.0 1.0
Bending,154 220 31 63,1.0,1.0 1.0
Bending,144 26 145 216,1.0,1.0 1.0
Bending,144 53 164 216,1.0,1.0 1.0
Bending,144 216 53 26,1.0,1.0 1.0
Bending,177 62 176 233,1.0,1.0 1.0
Bending,177 89 233 188,1.0,1.0 1.0
Bending,177 233 89 62,1.0,1.0 1.0
Bending,172 54 230 171,1.0,1.0 1.0
Bending,172 94 230 191,1.0,1.0 1.0
Bending,172 230 54 94,1.0,1.0 1.0
Bending,32 31 221 30,1.0,1.0 1.0
Bending,220 31 154 30,1.0,1.0 1.0
Bending,30 31 32 220,1.0,1.0 1.0
Bending,65 63 64 234,1.0,1.0 1.0
Bending,220 63 64 154,1.0,1.0 1.0
Bending,64 63 65 220,1.0,1.0 1.0
Bending,25 26 24 217,1.0,1.0 1.0
Bending,216 26 144 24,1.0,1.0 1.0
Bending,24 26 216 25,1.0,1.0 1.0
Bending,60 62 232 61,1.0,1.0 1.0
Bending,233 62 177 61,1.0,1.0 1.0
Bending,61 62 233 60,1.0,1.0 1.0
Bending,51 53 226 52,1.0,1.0 1.0
Bending,216 53 144 52,1.0,1.0 1.0
Bending,52 53 51 216,1.0,1.0 1.0
Bending,88 89 87 238,1.0,1.0 1.0
Bending,89 233 177 87,1.0,1.0 1.0
Bending,89 87 88 233,1.0,1.0 1.0
Bending,56 54 229 55,1.0,1.0 1.0
Bending,54 230 55 172,1.0,1.0 1.0
Bending,54 55 230 56,1.0,1.0 1.0
Bending,94 95 93 239,1.0,1.0 1.0
Bending,94 230 172 93,1.0,1.0 1.0
Bending,93 94 230 95,1.0,1.0 1.0
Bending,32 100 193 152,1.0,1.0 1.0
Bending,32 30 193 31,1.0,1.0 1.0
Bending,32 193 100 30,1.0,1.0 1.0
Bending,120 65 180 204,1.0,1.0 1.0
Bending,64 65 204 63,1.0,1.0 1.0
Bending,65 204 64 120,1.0,1.0 1.0
Bending,25 101 194 147,1.0,1.0 1.0
Bending,24 25 194 26,1.0,1.0 1.0
Bending,25 194 101 24,1.0,1.0 1.0
Bending,121 60 178 206,1.0,1.0 1.0
Bending,60 61 62 206,1.0,1.0 1.0
Bending,60 206 121 61,1.0,1.0 1.0
Bending,51 115 165 203,1.0,1.0 1.0
Bending,51 52 53 203,1.0,1.0 1.0
Bending,51 203 115 52,1.0,1.0 1.0
Bending,88 143 215 189,1.0,1.0 1.0
Bending,88 87 215 89,1.0,1.0 1.0
Bending,88 215 87 143,1.0,1.0 1.0
Bending,56 114 168 201,1.0,1.0 1.0
Bending,56 55 54 201,1.0,1.0 1.0
Bending,56 201 114 55,1.0,1.0 1.0
Bending,142 95 214 190,1.0,1.0 1.0
Bending,93 95 214 94,1.0,1.0 1.0
Bending,214 95 93 142,1.0,1.0 1.0
Bending,100 101 1 242,1.0,1.0 1.0
Bending,193 100 32 1,1.0,1.0 1.0
Bending,1 100 193 101,1.0,1.0 1.0
Bending,120 121 248 14,1.0,1.0 1.0
Bending,120 204 65 14,1.0,1.0 1.0
Bending,120 14 121 204,1.0,1.0 1.0
Bending,194 101 1 25,1.0,1.0 1.0
Bending,1 101 194 100,1.0,1.0 1.0
Bending,121 206 60 14,1.0,1.0 1.0
Bending,121 14 120 206,1.0,1.0 1.0
Bending,114 115 246 11,1.0,1.0 1.0
Bending,115 203 51 11,1.0,1.0 1.0
Bending,115 11 114 203,1.0,1.0 1.0
Bending,142 143 22 251,1.0,1.0 1.0
Bending,215 143 22 88,1.0,1.0 1.0
Bending,22 143 215 142,1.0,1.0 1.0
Bending,201 114 56 11,1.0,1.0 1.0
Bending,114 11 115 201,1.0,1.0 1.0
Bending,142 214 22 95,1.0,1.0 1.0
Bending,142 22 214 143,1.0,1.0 1.0
Bending,220 30 153 31,1.0,1.0 1.0
Bending,64 220 153 63,1.0,1.0 1.0
Bending,153 220 64 30,1.0,1.0 1.0
Bending,216 24 146 26,1.0,1.0 1.0
Bending,216 52 146 53,1.0,1.0 1.0
Bending,216 146 52 24,1.0,1.0 1.0
Bending,233 61 179 62,1.0,1.0 1.0
Bending,233 87 179 89,1.0,1.0 1.0
Bending,233 179 87 61,1.0,1.0 1.0
Bending,230 55 54 173,1.0,1.0 1.0
Bending,93 230 173 94,1.0,1.0 1.0
Bending,173 230 55 93,1.0,1.0 1.0
Bending,193 30 32 99,1.0,1.0 1.0
Bending,153 30 99 220,1.0,1.0 1.0
Bending,99 30 193 153,1.0,1.0 1.0
Bending,64 204 65 122,1.0,1.0 1.0
Bending,64 153 122 220,1.0,1.0 1.0
Bending,64 122 153 204,1.0,1.0 1.0
Bending,24 194 97 25,1.0,1.0 1.0
Bending,24 146 97 216,1.0,1.0 1.0
Bending,24 97 146 194,1.0,1.0 1.0
Bending,61 206 60 125,1.0,1.0 1.0
Bending,179 61 233 125,1.0,1.0 1.0
Bending,61 125 179 206,1.0,1.0 1.0
Bending,203 52 51 119,1.0,1.0 1.0
Bending,146 52 119 216,1.0,1.0 1.0
Bending,52 119 146 203,1.0,1.0 1.0
Bending,215 87 88 139,1.0,1.0 1.0
Bending,179 87 233 139,1.0,1.0 1.0
Bending,139 87 179 215,1.0,1.0 1.0
Bending,201 55 116 56,1.0,1.0 1.0
Bending,173 55 116 230,1.0,1.0 1.0
Bending,116 55 201 173,1.0,1.0 1.0
Bending,93 214 141 95,1.0,1.0 1.0
Bending,93 173 230 141,1.0,1.0 1.0
Bending,93 141 214 173,1.0,1.0 1.0
Bending,193 1 0 100,1.0,1.0 1.0
Bending,193 99 0 30,1.0,1.0 1.0
Bending,0 193 1 99,1.0,1.0 1.0
Bending,204 14 120 12,1.0,1.0 1.0
Bending,122 204 64 12,1.0,1.0 1.0
Bending,204 12 122 14,1.0,1.0 1.0
Bending,1 194 2 101,1.0,1.0 1.0
Bending,97 194 2 24,1.0,1.0 1.0
Bending,194 2 1 97,1.0,1.0 1.0
Bending,206 14 121 13,1.0,1.0 1.0
Bending,125 206 61 13,1.0,1.0 1.0
Bending,13 206 125 14,1.0,1.0 1.0
Bending,203 11 115 10,1.0,1.0 1.0
Bending,203 119 52 10,1.0,1.0 1.0
Bending,10 203 119 11,1.0,1.0 1.0
Bending,22 215 23 143,1.0,1.0 1.0
Bending,139 215 87 23,1.0,1.0 1.0
Bending,23 215 22 139,1.0,1.0 1.0
Bending,201 11 114 9,1.0,1.0 1.0
Bending,201 116 55 9,1.0,1.0 1.0
Bending,201 9 116 11,1.0,1.0 1.0
Bending,214 22 21 142,1.0,1.0 1.0
Bending,141 214 21 93,1.0,1.0 1.0
Bending,21 214 22 141,1.0,1.0 1.0
Bending,0 1 193 2,1.0,1.0 1.0
Bending,1 2 0 194,1.0,1.0 1.0
Bending,12 14 204 13,1.0,1.0 1.0
Bending,13 14 12 206,1.0,1.0 1.0
Bending,10 11 9 203,1.0,1.0 1.0
Bending,9 11 201 10,1.0,1.0 1.0
Bending,22 23 21 215,1.0,1.0 1.0
Bending,21 22 214 23,1.0,1.0 1.0
Bending,153 99 241 30,1.0,1.0 1.0
Bending,153 122 64 241,1.0,1.0 1.0
Bending,153 241 99 122,1.0,1.0 1.0
Bending,97 146 240 24,1.0,1.0 1.0
Bending,146 119 240 52,1.0,1.0 1.0
Bending,240 146 97 119,1.0,1.0 1.0
Bending,179 125 249 61,1.0,1.0 1.0
Bending,179 139 87 249,1.0,1.0 1.0
Bending,249 179 139 125,1.0,1.0 1.0
Bending,116 173 247 55,1.0,1.0 1.0
Bending,173 141 247 93,1.0,1.0 1.0
Bending,173 247 116 141,1.0,1.0 1.0
Bending,0 99 193 98,1.0,1.0 1.0
Bending,241 99 98 153,1.0,1.0 1.0
Bending,98 99 0 241,1.0,1.0 1.0
Bending,122 12 123 204,1.0,1.0 1.0
Bending,241 122 153 123,1.0,1.0 1.0
Bending,122 123 241 12,1.0,1.0 1.0
Bending,97 2 96 194,1.0,1.0 1.0
Bending,240 97 96 146,1.0,1.0 1.0
Bending,96 97 240 2,1.0,1.0 1.0
Bending,125 13 124 206,1.0,1.0 1.0
Bending,249 125 179 124,1.0,1.0 1.0
Bending,124 125 249 13,1.0,1.0 1.0
Bending,10 119 118 203,1.0,1.0 1.0
Bending,240 119 146 118,1.0,1.0 1.0
Bending,118 119 240 10,1.0,1.0 1.0
Bending,139 23 215 138,1.0,1.0 1.0
Bending,249 139 179 138,1.0,1.0 1.0
Bending,138 139 23 249,1.0,1.0 1.0
Bending,9 116 117 201,1.0,1.0 1.0
Bending,116 247 117 173,1.0,1.0 1.0
Bending,116 117 247 9,1.0,1.0 1.0
Bending,141 21 214 140,1.0,1.0 1.0
Bending,141 247 140 173,1.0,1.0 1.0
Bending,140 141 21 247,1.0,1.0 1.0
Bending,0 2 192 1,1.0,1.0 1.0
Bending,0 98 192 99,1.0,1.0 1.0
Bending,0 192 2 98,1.0,1.0 1.0
Bending,12 13 205 14,1.0,1.0 1.0
Bending,123 12 122 205,1.0,1.0 1.0
Bending,12 205 123 13,1.0,1.0 1.0
Bending,96 2 192 97,1.0,1.0 1.0
Bending,192 2 0 96,1.0,1.0 1.0
Bending,124 13 125 205,1.0,1.0 1.0
Bending,13 205 12 124,1.0,1.0 1.0
Bending,9 10 202 11,1.0,1.0 1.0
Bending,10 118 119 202,1.0,1.0 1.0
Bending,10 202 118 9,1.0,1.0 1.0
Bending,21 23 213 22,1.0,1.0 1.0
Bending,138 23 213 139,1.0,1.0 1.0
Bending,213 23 21 138,1.0,1.0 1.0
Bending,9 117 116 202,1.0,1.0 1.0
Bending,9 202 117 10,1.0,1.0 1.0
Bending,140 21 213 141,1.0,1.0 1.0
Bending,21 213 23 140,1.0,1.0 1.0
Bending,241 98 99 151,1.0,1.0 1.0
Bending,241 123 151 122,1.0,1.0 1.0
Bending,241 151 98 123,1.0,1.0 1.0
Bending,240 96 97 148,1.0,1.0 1.0
Bending,240 118 148 119,1.0,1.0 1.0
Bending,240 148 96 118,1.0,1.0 1.0
Bending,249 124 182 125,1.0,1.0 1.0
Bending,249 138 182 139,1.0,1.0 1.0
Bending,249 182 138 124,1.0,1.0 1.0
Bending,117 247 116 174,1.0,1.0 1.0
Bending,140 247 141 174,1.0,1.0 1.0
Bending,174 247 117 140,1.0,1.0 1.0
Bending,192 98 0 28,1.0,1.0 1.0
Bending,98 151 241 28,1.0,1.0 1.0
Bending,98 28 192 151,1.0,1.0 1.0
Bending,123 205 66 12,1.0,1.0 1.0
Bending,123 151 241 66,1.0,1.0 1.0
Bending,66 123 151 205,1.0,1.0 1.0
Bending,96 192 2 29,1.0,1.0 1.0
Bending,96 148 240 29,1.0,1.0 1.0
Bending,96 29 192 148,1.0,1.0 1.0
Bending,124 205 68 13,1.0,1.0 1.0
Bending,124 182 68 249,1.0,1.0 1.0
Bending,124 68 182 205,1.0,1.0 1.0
Bending,202 118 10 59,1.0,1.0 1.0
Bending,148 118 240 59,1.0,1.0 1.0
Bending,59 118 148 202,1.0,1.0 1.0
Bending,138 213 23 92,1.0,1.0 1.0
Bending,138 182 249 92,1.0,1.0 1.0
Bending,138 92 213 182,1.0,1.0 1.0
Bending,202 117 9 57,1.0,1.0 1.0
Bending,117 174 247 57,1.0,1.0 1.0
Bending,57 117 202 174,1.0,1.0 1.0
Bending,140 213 21 91,1.0,1.0 1.0
Bending,140 174 247 91,1.0,1.0 1.0
Bending,91 140 213 174,1.0,1.0 1.0
Bending,192 28 98 29,1.0,1.0 1.0
Bending,192 29 96 28,1.0,1.0 1.0
Bending,66 205 68 123,1.0,1.0 1.0
Bending,68 205 66 124,1.0,1.0 1.0
Bending,202 59 118 57,1.0,1.0 1.0
Bending,57 202 117 59,1.0,1.0 1.0
Bending,92 213 138 91,1.0,1.0 1.0
Bending,91 213 92 140,1.0,1.0 1.0
Bending,28 151 98 219,1.0,1.0 1.0
Bending,66 151 123 219,1.0,1.0 1.0
Bending,219 151 66 28,1.0,1.0 1.0
Bending,148 29 96 218,1.0,1.0 1.0
Bending,59 148 118 218,1.0,1.0 1.0
Bending,218 148 59 29,1.0,1.0 1.0
Bending,68 182 235 124,1.0,1.0 1.0
Bending,92 182 138 235,1.0,1.0 1.0
Bending,235 182 68 92,1.0,1.0 1.0
Bending,57 174 117 231,1.0,1.0 1.0
Bending,91 174 231 140,1.0,1.0 1.0
Bending,174 231 57 91,1.0,1.0 1.0
Bending,28 29 192 27,1.0,1.0 1.0
Bending,219 28 151 27,1.0,1.0 1.0
Bending,27 28 219 29,1.0,1.0 1.0
Bending,66 68 67 205,1.0,1.0 1.0
Bending,66 219 67 151,1.0,1.0 1.0
Bending,66 67 68 219,1.0,1.0 1.0
Bending,218 29 148 27,1.0,1.0 1.0
Bending,27 29 218 28,1.0,1.0 1.0
Bending,235 68 67 182,1.0,1.0 1.0
Bending,67 68 66 235,1.0,1.0 1.0
Bending,57 59 58 202,1.0,1.0 1.0
Bending,218 59 148 58,1.0,1.0 1.0
Bending,58 59 57 218,1.0,1.0 1.0
Bending,91 92 213 90,1.0,1.0 1.0
Bending,235 92 182 90,1.0,1.0 1.0
Bending,90 92 91 235,1.0,1.0 1.0
Bending,57 231 58 174,1.0,1.0 1.0
Bending,57 58 231 59,1.0,1.0 1.0
Bending,91 231 90 174,1.0,1.0 1.0
Bending,90 91 231 92,1.0,1.0 1.0
Bending,219 27 150 28,1.0,1.0 1.0
Bending,219 67 66 150,1.0,1.0 1.0
Bending,219 150 67 27,1.0,1.0 1.0
Bending,218 27 149 29,1.0,1.0 1.0
Bending,218 58 149 59,1.0,1.0 1.0
Bending,218 149 58 27,1.0,1.0 1.0
Bending,235 67 68 183,1.0,1.0 1.0
Bending,90 235 183 92,1.0,1.0 1.0
Bending,235 183 67 90,1.0,1.0 1.0
Bending,58 231 57 175,1.0,1.0 1.0
Bending,90 231 91 175,1.0,1.0 1.0
Bending,175 231 58 90,1.0,1.0 1.0
Bending,27 150 149 219,1.0,1.0 1.0
Bending,27 149 150 218,1.0,1.0 1.0
Bending,67 150 183 219,1.0,1.0 1.0
Bending,67 183 150 235,1.0,1.0 1.0
Bending,58 149 218 175,1.0,1.0 1.0
Bending,58 175 149 231,1.0,1.0 1.0
Bending,90 183 235 175,1.0,1.0 1.0
Bending,90 175 231 183,1.0,1.0 1.0
Bending,149 150 27 253,1.0,1.0 1.0
Bending,150 183 67 253,1.0,1.0 1.0
Bending,253 150 149 183,1.0,1.0 1.0
Bending,149 175 58 253,1.0,1.0 1.0
Bending,149 253 150 175,1.0,1.0 1.0
Bending,175 183 90 253,1.0,1.0 1.0
Bending,253 183 150 175,1.0,1.0 1.0
Bending,253 175 149 183,1.0,1.0 1.0
SurfaceMaterial,0 1 2,27.5,1.0 1.0 35.0 5.0 0.0
SurfaceMaterial,3 4 5,27.5,1.0 1.0 35.0 5.0 0.0
SurfaceMaterial,6 7 8,27.5,1.0 1.0 35.0 5.0 0.0
SurfaceMaterial,9 10 11,27.5,1.0 1.0 35.0 5.0 0.0
SurfaceMaterial,12 13 14,27.5,1.0 1.0 35.0 5.0 0.0
SurfaceMaterial,15 16 17,27.5,1.0 1.0 35.0 5.0 0.0
SurfaceMaterial,18 19 20,27.5,1.0 1.0 35.0 5.0 0.0
SurfaceMaterial,21 22 23,27.5,1.0 1.0 35.0 5.0 0.0
SurfaceMaterial,24 25 26,27.5,1.0 1.0 35.0 5.0 0.0
SurfaceMaterial,27 28 29,27.5,1.0 1.0 35.0 5.0 0.0
SurfaceMaterial,30 31 32,27.5,1.0 1.0 35.0 5.0 0.0
SurfaceMaterial,33 34 35,27.5,1.0 1.0 35.0 5.0 0.0
SurfaceMaterial,36 37 38,27.5,1.0 1.0 35.0 5.0 0.0
SurfaceMaterial,39 40 41,27.5,1.0 1.0 35.0 5.0 0.0
SurfaceMaterial,42 43 44,27.5,1.0 1.0 35.0 5.0 0.0
SurfaceMaterial,45 46 47,27.5,1.0 1.0 35.0 5.0 0.0
SurfaceMaterial,48 49 50,27.5,1.0 1.0 35.0 5.0 0.0
SurfaceMaterial,51 52 53,27.5,1.0 1.0 35.0 5.0 0.0
SurfaceMaterial,54 55 56,27.5,1.0 1.0 35.0 5.0 0.0
SurfaceMaterial,57 58 59,27.5,1.0 1.0 35.0 5.0 0.0
SurfaceMaterial,60 61 62,27.5,1.0 1.0 35.0 5.0 0.0
SurfaceMaterial,63 64 65,27.5,1.0 1.0 35.0 5.0 0.0
SurfaceMaterial,66 67 68,27.5,1.0 1.0 35.0 5.0 0.0
SurfaceMaterial,69 70 71,27.5,1.0 1.0 35.0 5.0 0.0
SurfaceMaterial,72 73 74,27.5,1.0 1.0 35.0 5.0 0.0
SurfaceMaterial,75 76 77,27.5,1.0 1.0 35.0 5.0 0.0
SurfaceMaterial,78 79 80,27.5,1.0 1.0 35.0 5.0 0.0
SurfaceMaterial,81 82 83,27.5,1.0 1.0 35.0 5.0 0.0
SurfaceMaterial,84 85 86,27.5,1.0 1.0 35.0 5.0 0.0
SurfaceMaterial,87 88 89,27.5,1.0 1.0 35.0 5.0 0.0
SurfaceMaterial,90 91 92,27.5,1.0 1.0 35.0 5.0 0.0
SurfaceMaterial,93 94 95,27.5,1.0 1.0 35.0 5.0 0.0
SurfaceMaterial,96 2 97,27.5,1.0 1.0 35.0 5.0 0.0
SurfaceMaterial,98 99 0,27.5,1.0 1.0 35.0 5.0 0.0
SurfaceMaterial,1 100 101,27.5,1.0 1.0 35.0 5.0 0.0
SurfaceMaterial,102 5 103,27.5,1.0 1.0 35.0 5.0 0.0
SurfaceMaterial,104 105 3,27.5,1.0 1.0 35.0 5.0 0.0
SurfaceMaterial,4 106 107,27.5,1.0 1.0 35.0 5.0 0.0
SurfaceMaterial,108 8 109,27.5,1.0 1.0 35.0 5.0 0.0
SurfaceMaterial,110 111 6,27.5,1.0 1.0 35.0 5.0 0.0
SurfaceMaterial,7 112 113,27.5,1.0 1.0 35.0 5.0 0.0
SurfaceMaterial,114 11 115,27.5,1.0 1.0 35.0 5.0 0.0
SurfaceMaterial,116 117 9,27.5,1.0 1.0 35.0 5.0 0.0
SurfaceMaterial,10 118 119,27.5,1.0 1.0 35.0 5.0 0.0
SurfaceMaterial,120 14 121,27.5,1.0 1.0 35.0 5.0 0.0
SurfaceMaterial,122 123 12,27.5,1.0 1.0 35.0 5.0 0.0
SurfaceMaterial,13 124 125,27.5,1.0 1.0 35.0 5.0 0.0
SurfaceMaterial,126 17 127,27.5,1.0 1.0 35.0 5.0 0.0
SurfaceMaterial,128 129 15,27.5,1.0 1.0 35.0 5.0 0.0
SurfaceMaterial,16 130 131,27.5,1.0 1.0 35.0 5.0 0.0
SurfaceMaterial,132 20 133,27.5,1.0 1.0 35.0 5.0 0.0
SurfaceMaterial,134 135 18,27.5,1.0 1.0 35.0 5.0 0.0
SurfaceMaterial,19 136 137,27.5,1.0 1.0 35.0 5.0 0.0
SurfaceMaterial,138 23 139,27.5,1.0 1.0 35.0 5.0 0.0
SurfaceMaterial,140 141 21,27.5,1.0 1.0 35.0 5.0 0.0
SurfaceMaterial,22 142 143,27.5,1.0 1.0 35.0 5.0 0.0
SurfaceMaterial,144 26 145,27.5,1.0 1.0 35.0 5.0 0.0
SurfaceMaterial,146 97 24,27.5,1.0 1.0 35.0 5.0 0.0
SurfaceMaterial,25 101 147,27.5,1.0 1.0 35.0 5.0 0.0
SurfaceMaterial,148 29 96,27.5,1.0 1.0 35.0 5.0 0.0
SurfaceMaterial,149 150 27,27.5,1.0 1.0 35.0 5.0 0.0
SurfaceMaterial,28 151 98,27.5,1.0 1.0 35.0 5.0 0.0
SurfaceMaterial,100 32 152,27.5,1.0 1.0 35.0 5.0 0.0
SurfaceMaterial,99 153 30,27.5,1.0 1.0 35.0 5.0 0.0
SurfaceMaterial,31 154 155,27.5,1.0 1.0 35.0 5.0 0.0
SurfaceMaterial,145 35 156,27.5,1.0 1.0 35.0 5.0 0.0
SurfaceMaterial,147 103 33,27.5,1.0 1.0 35.0 5.0 0.0
SurfaceMaterial,34 107 157,27.5,1.0 1.0 35.0 5.0 0.0
SurfaceMaterial,152 38 102,27.5,1.0 1.0 35.0 5.0 0.0
SurfaceMaterial,155 158 36,27.5,1.0 1.0 35.0 5.0 0.0
SurfaceMaterial,37 159 104,27.5,1.0 1.0 35.0 5.0 0.0
SurfaceMaterial,106 41 160,27.5,1.0 1.0 35.0 5.0 0.0
SurfaceMaterial,105 161 39,27.5,1.0 1.0 35.0 5.0 0.0
SurfaceMaterial,40 162 163,27.5,1.0 1.0 35.0 5.0 0.0
SurfaceMaterial,156 44 164,27.5,1.0 1.0 35.0 5.0 0.0
SurfaceMaterial,157 109 42,27.5,1.0 1.0 35.0 5.0 0.0
SurfaceMaterial,43 113 165,27.5,1.0 1.0 35.0 5.0 0.0
SurfaceMaterial,160 47 108,27.5,1.0 1.0 35.0 5.0 0.0
SurfaceMaterial,163 166 45,27.5,1.0 1.0 35.0 5.0 0.0
SurfaceMaterial,46 167 110,27.5,1.0 1.0 35.0 5.0 0.0
SurfaceMaterial,112 50 168,27.5,1.0 1.0 35.0 5.0 0.0
SurfaceMaterial,111 169 48,27.5,1.0 1.0 35.0 5.0 0.0
SurfaceMaterial,49 170 171,27.5,1.0 1.0 35.0 5.0 0.0
SurfaceMaterial,164 53 144,27.5,1.0 1.0 35.0 5.0 0.0
SurfaceMaterial,165 115 51,27.5,1.0 1.0 35.0 5.0 0.0
SurfaceMaterial,52 119 146,27.5,1.0 1.0 35.0 5.0 0.0
SurfaceMaterial,168 56 114,27.5,1.0 1.0 35.0 5.0 0.0
SurfaceMaterial,171 172 54,27.5,1.0 1.0 35.0 5.0 0.0
SurfaceMaterial,55 173 116,27.5,1.0 1.0 35.0 5.0 0.0
SurfaceMaterial,118 59 148,27.5,1.0 1.0 35.0 5.0 0.0
SurfaceMaterial,117 174 57,27.5,1.0 1.0 35.0 5.0 0.0
SurfaceMaterial,58 175 149,27.5,1.0 1.0 35.0 5.0 0.0
SurfaceMaterial,176 62 177,27.5,1.0 1.0 35.0 5.0 0.0
SurfaceMaterial,178 121 60,27.5,1.0 1.0 35.0 5.0 0.0
SurfaceMaterial,61 125 179,27.5,1.0 1.0 35.0 5.0 0.0
SurfaceMaterial,180 65 120,27.5,1.0 1.0 35.0 5.0 0.0
SurfaceMaterial,181 154 63,27.5,1.0 1.0 35.0 5.0 0.0
SurfaceMaterial,64 153 122,27.5,1.0 1.0 35.0 5.0 0.0
SurfaceMaterial,124 68 182,27.5,1.0 1.0 35.0 5.0 0.0
SurfaceMaterial,123 151 66,27.5,1.0 1.0 35.0 5.0 0.0
SurfaceMaterial,67 150 183,27.5,1.0 1.0 35.0 5.0 0.0
SurfaceMaterial,184 71 176,27.5,1.0 1.0 35.0 5.0 0.0
SurfaceMaterial,185 127 69,27.5,1.0 1.0 35.0 5.0 0.0
SurfaceMaterial,70 131 178,27.5,1.0 1.0 35.0 5.0 0.0
SurfaceMaterial,186 74 126,27.5,1.0 1.0 35.0 5.0 0.0
SurfaceMaterial,187 162 72,27.5,1.0 1.0 35.0 5.0 0.0
SurfaceMaterial,73 161 128,27.5,1.0 1.0 35.0 5.0 0.0
SurfaceMaterial,130 77 180,27.5,1.0 1.0 35.0 5.0 0.0
SurfaceMaterial,129 159 75,27.5,1.0 1.0 35.0 5.0 0.0
SurfaceMaterial,76 158 181,27.5,1.0 1.0 35.0 5.0 0.0
SurfaceMaterial,188 80 184,27.5,1.0 1.0 35.0 5.0 0.0
SurfaceMaterial,189 133 78,27.5,1.0 1.0 35.0 5.0 0.0
SurfaceMaterial,79 137 185,27.5,1.0 1.0 35.0 5.0 0.0
SurfaceMaterial,190 83 132,27.5,1.0 1.0 35.0 5.0 0.0
SurfaceMaterial,191 170 81,27.5,1.0 1.0 35.0 5.0 0.0
SurfaceMaterial,82 169 134,27.5,1.0 1.0 35.0 5.0 0.0
SurfaceMaterial,136 86 186,27.5,1.0 1.0 35.0 5.0 0.0
SurfaceMaterial,135 167 84,27.5,1.0 1.0 35.0 5.0 0.0
SurfaceMaterial,85 166 187,27.5,1.0 1.0 35.0 5.0 0.0
SurfaceMaterial,177 89 188,27.5,1.0 1.0 35.0 5.0 0.0
SurfaceMaterial,179 139 87,27.5,1.0 1.0 35.0 5.0 0.0
SurfaceMaterial,88 143 189,27.5,1.0 1.0 35.0 5.0 0.0
SurfaceMaterial,182 92 138,27.5,1.0 1.0 35.0 5.0 0.0
SurfaceMaterial,183 175 90,27.5,1.0 1.0 35.0 5.0 0.0
SurfaceMaterial,91 174 140,27.5,1.0 1.0 35.0 5.0 0.0
SurfaceMaterial,142 95 190,27.5,1.0 1.0 35.0 5.0 0.0
SurfaceMaterial,141 173 93,27.5,1.0 1.0 35.0 5.0 0.0
SurfaceMaterial,94 172 191,27.5,1.0 1.0 35.0 5.0 0.0
SurfaceMaterial,192 0 2,27.5,1.0 1.0 35.0 5.0 0.0
SurfaceMaterial,0 193 1,27.5,1.0 1.0 35.0 5.0 0.0
SurfaceMaterial,2 1 194,27.5,1.0 1.0 35.0 5.0 0.0
SurfaceMaterial,195 3 5,27.5,1.0 1.0 35.0 5.0 0.0
SurfaceMaterial,3 196 4,27.5,1.0 1.0 35.0 5.0 0.0
SurfaceMaterial,5 4 197,27.5,1.0 1.0 35.0 5.0 0.0
SurfaceMaterial,198 6 8,27.5,1.0 1.0 35.0 5.0 0.0
SurfaceMaterial,6 199 7,27.5,1.0 1.0 35.0 5.0 0.0
SurfaceMaterial,8 7 200,27.5,1.0 1.0 35.0 5.0 0.0
SurfaceMaterial,201 9 11,27.5,1.0 1.0 35.0 5.0 0.0
SurfaceMaterial,9 202 10,27.5,1.0 1.0 35.0 5.0 0.0
SurfaceMaterial,11 10 203,27.5,1.0 1.0 35.0 5.0 0.0
SurfaceMaterial,204 12 14,27.5,1.0 1.0 35.0 5.0 0.0
SurfaceMaterial,12 205 13,27.5,1.0 1.0 35.0 5.0 0.0
SurfaceMaterial,14 13 206,27.5,1.0 1.0 35.0 5.0 0.0
SurfaceMaterial,207 15 17,27.5,1.0 1.0 35.0 5.0 0.0
SurfaceMaterial,15 208 16,27.5,1.0 1.0 35.0 5.0 0.0
SurfaceMaterial,17 16 209,27.5,1.0 1.0 35.0 5.0 0.0
SurfaceMaterial,210 18 20,27.5,1.0 1.0 35.0 5.0 0.0
SurfaceMaterial,18 211 19,27.5,1.0 1.0 35.0 5.0 0.0
SurfaceMaterial,20 19 212,27.5,1.0 1.0 35.0 5.0 0.0
SurfaceMaterial,213 21 23,27.5,1.0 1.0 35.0 5.0 0.0
SurfaceMaterial,21 214 22,27.5,1.0 1.0 35.0 5.0 0.0
SurfaceMaterial,23 22 215,27.5,1.0 1.0 35.0 5.0 0.0
SurfaceMaterial,216 24 26,27.5,1.0 1.0 35.0 5.0 0.0
SurfaceMaterial,24 194 25,27.5,1.0 1.0 35.0 5.0 0.0
SurfaceMaterial,26 25 217,27.5,1.0 1.0 35.0 5.0 0.0
SurfaceMaterial,218 27 29,27.5,1.0 1.0 35.0 5.0 0.0
SurfaceMaterial,27 219 28,27.5,1.0 1.0 35.0 5.0 0.0
SurfaceMaterial,29 28 192,27.5,1.0 1.0 35.0 5.0 0.0
SurfaceMaterial,193 30 32,27.5,1.0 1.0 35.0 5.0 0.0
SurfaceMaterial,30 220 31,27.5,1.0 1.0 35.0 5.0 0.0
SurfaceMaterial,32 31 221,27.5,1.0 1.0 35.0 5.0 0.0
SurfaceMaterial,217 33 35,27.5,1.0 1.0 35.0 5.0 0.0
SurfaceMaterial,33 197 34,27.5,1.0 1.0 35.0 5.0 0.0
SurfaceMaterial,35 34 222,27.5,1.0 1.0 35.0 5.0 0.0
SurfaceMaterial,221 36 38,27.5,1.0 1.0 35.0 5.0 0.0
SurfaceMaterial,36 223 37,27.5,1.0 1.0 35.0 5.0 0.0
SurfaceMaterial,38 37 195,27.5,1.0 1.0 35.0 5.0 0.0
SurfaceMaterial,196 39 41,27.5,1.0 1.0 35.0 5.0 0.0
SurfaceMaterial,39 224 40,27.5,1.0 1.0 35.0 5.0 0.0
SurfaceMaterial,41 40 225,27.5,1.0 1.0 35.0 5.0 0.0
SurfaceMaterial,222 42 44,27.5,1.0 1.0 35.0 5.0 0.0
SurfaceMaterial,42 200 43,27.5,1.0 1.0 35.0 5.0 0.0
SurfaceMaterial,44 43 226,27.5,1.0 1.0 35.0 5.0 0.0
SurfaceMaterial,225 45 47,27.5,1.0 1.0 35.0 5.0 0.0
SurfaceMaterial,45 227 46,27.5,1.0 1.0 35.0 5.0 0.0
SurfaceMaterial,47 46 198,27.5,1.0 1.0 35.0 5.0 0.0
SurfaceMaterial,199 48 50,27.5,1.0 1.0 35.0 5.0 0.0
SurfaceMaterial,48 228 49,27.5,1.0 1.0 35.0 5.0 0.0
SurfaceMaterial,50 49 229,27.5,1.0 1.0 35.0 5.0 0.0
SurfaceMaterial,226 51 53,27.5,1.0 1.0 35.0 5.0 0.0
SurfaceMaterial,51 203 52,27.5,1.0 1.0 35.0 5.0 0.0
SurfaceMaterial,53 52 216,27.5,1.0 1.0 35.0 5.0 0.0
SurfaceMaterial,229 54 56,27.5,1.0 1.0 35.0 5.0 0.0
SurfaceMaterial,54 230 55,27.5,1.0 1.0 35.0 5.0 0.0
SurfaceMaterial,56 55 201,27.5,1.0 1.0 35.0 5.0 0.0
SurfaceMaterial,202 57 59,27.5,1.0 1.0 35.0 5.0 0.0
SurfaceMaterial,57 231 58,27.5,1.0 1.0 35.0 5.0 0.0
SurfaceMaterial,59 58 218,27.5,1.0 1.0 35.0 5.0 0.0
SurfaceMaterial,232 60 62,27.5,1.0 1.0 35.0 5.0 0.0
SurfaceMaterial,60 206 61,27.5,1.0 1.0 35.0 5.0 0.0
SurfaceMaterial,62 61 233,27.5,1.0 1.0 35.0 5.0 0.0
SurfaceMaterial,234 63 65,27.5,1.0 1.0 35.0 5.0 0.0
SurfaceMaterial,63 220 64,27.5,1.0 1.0 35.0 5.0 0.0
SurfaceMaterial,65 64 204,27.5,1.0 1.0 35.0 5.0 0.0
SurfaceMaterial,205 66 68,27.5,1.0 1.0 35.0 5.0 0.0
SurfaceMaterial,66 219 67,27.5,1.0 1.0 35.0 5.0 0.0
SurfaceMaterial,68 67 235,27.5,1.0 1.0 35.0 5.0 0.0
SurfaceMaterial,236 69 71,27.5,1.0 1.0 35.0 5.0 0.0
SurfaceMaterial,69 209 70,27.5,1.0 1.0 35.0 5.0 0.0
SurfaceMaterial,71 70 232,27.5,1.0 1.0 35.0 5.0 0.0
SurfaceMaterial,237 72 74,27.5,1.0 1.0 35.0 5.0 0.0
SurfaceMaterial,72 224 73,27.5,1.0 1.0 35.0 5.0 0.0
SurfaceMaterial,74 73 207,27.5,1.0 1.0 35.0 5.0 0.0
SurfaceMaterial,208 75 77,27.5,1.0 1.0 35.0 5.0 0.0
SurfaceMaterial,75 223 76,27.5,1.0 1.0 35.0 5.0 0.0
SurfaceMaterial,77 76 234,27.5,1.0 1.0 35.0 5.0 0.0
SurfaceMaterial,238 78 80,27.5,1.0 1.0 35.0 5.0 0.0
SurfaceMaterial,78 212 79,27.5,1.0 1.0 35.0 5.0 0.0
SurfaceMaterial,80 79 236,27.5,1.0 1.0 35.0 5.0 0.0
SurfaceMaterial,239 81 83,27.5,1.0 1.0 35.0 5.0 0.0
SurfaceMaterial,81 228 82,27.5,1.0 1.0 35.0 5.0 0.0
SurfaceMaterial,83 82 210,27.5,1.0 1.0 35.0 5.0 0.0
SurfaceMaterial,211 84 86,27.5,1.0 1.0 35.0 5.0 0.0
SurfaceMaterial,84 227 85,27.5,1.0 1.0 35.0 5.0 0.0
SurfaceMaterial,86 85 237,27.5,1.0 1.0 35.0 5.0 0.0
SurfaceMaterial,233 87 89,27.5,1.0 1.0 35.0 5.0 0.0
SurfaceMaterial,87 215 88,27.5,1.0 1.0 35.0 5.0 0.0
SurfaceMaterial,89 88 238,27.5,1.0 1.0 35.0 5.0 0.0
SurfaceMaterial,235 90 92,27.5,1.0 1.0 35.0 5.0 0.0
SurfaceMaterial,90 231 91,27.5,1.0 1.0 35.0 5.0 0.0
SurfaceMaterial,92 91 213,27.5,1.0 1.0 35.0 5.0 0.0
SurfaceMaterial,214 93 95,27.5,1.0 1.0 35.0 5.0 0.0
SurfaceMaterial,93 230 94,27.5,1.0 1.0 35.0 5.0 0.0
SurfaceMaterial,95 94 239,27.5,1.0 1.0 35.0 5.0 0.0
SurfaceMaterial,240 96 97,27.5,1.0 1.0 35.0 5.0 0.0
SurfaceMaterial,96 192 2,27.5,1.0 1.0 35.0 5.0 0.0
SurfaceMaterial,97 2 194,27.5,1.0 1.0 35.0 5.0 0.0
SurfaceMaterial,192 98 0,27.5,1.0 1.0 35.0 5.0 0.0
SurfaceMaterial,98 241 99,27.5,1.0 1.0 35.0 5.0 0.0
SurfaceMaterial,0 99 193,27.5,1.0 1.0 35.0 5.0 0.0
SurfaceMaterial,194 1 101,27.5,1.0 1.0 35.0 5.0 0.0
SurfaceMaterial,1 193 100,27.5,1.0 1.0 35.0 5.0 0.0
SurfaceMaterial,101 100 242,27.5,1.0 1.0 35.0 5.0 0.0
SurfaceMaterial,242 102 103,27.5,1.0 1.0 35.0 5.0 0.0
SurfaceMaterial,102 195 5,27.5,1.0 1.0 35.0 5.0 0.0
SurfaceMaterial,103 5 197,27.5,1.0 1.0 35.0 5.0 0.0
SurfaceMaterial,195 104 3,27.5,1.0 1.0 35.0 5.0 0.0
SurfaceMaterial,104 243 105,27.5,1.0 1.0 35.0 5.0 0.0
SurfaceMaterial,3 105 196,27.5,1.0 1.0 35.0 5.0 0.0
SurfaceMaterial,197 4 107,27.5,1.0 1.0 35.0 5.0 0.0
SurfaceMaterial,4 196 106,27.5,1.0 1.0 35.0 5.0 0.0
SurfaceMaterial,107 106 244,27.5,1.0 1.0 35.0 5.0 0.0
SurfaceMaterial,244 108 109,27.5,1.0 1.0 35.0 5.0 0.0
SurfaceMaterial,108 198 8,27.5,1.0 1.0 35.0 5.0 0.0
SurfaceMaterial,109 8 200,27.5,1.0 1.0 35.0 5.0 0.0
SurfaceMaterial,198 110 6,27.5,1.0 1.0 35.0 5.0 0.0
SurfaceMaterial,110 245 111,27.5,1.0 1.0 35.0 5.0 0.0
SurfaceMaterial,6 111 199,27.5,1.0 1.0 35.0 5.0 0.0
SurfaceMaterial,200 7 113,27.5,1.0 1.0 35.0 5.0 0.0
SurfaceMaterial,7 199 112,27.5,1.0 1.0 35.0 5.0 0.0
SurfaceMaterial,113 112 246,27.5,1.0 1.0 35.0 5.0 0.0
SurfaceMaterial,246 114 115,27.5,1.0 1.0 35.0 5.0 0.0
SurfaceMaterial,114 201 11,27.5,1.0 1.0 35.0 5.0 0.0
SurfaceMaterial,115 11 203,27.5,1.0 1.0 35.0 5.0 0.0
SurfaceMaterial,201 116 9,27.5,1.0 1.0 35.0 5.0 0.0
SurfaceMaterial,116 247 117,27.5,1.0 1.0 35.0 5.0 0.0
SurfaceMaterial,9 117 202,27.5,1.0 1.0 35.0 5.0 0.0
SurfaceMaterial,203 10 119,27.5,1.0 1.0 35.0 5.0 0.0
SurfaceMaterial,10 202 118,27.5,1.0 1.0 35.0 5.0 0.0
SurfaceMaterial,119 118 240,27.5,1.0 1.0 35.0 5.0 0.0
SurfaceMaterial,248 120 121,27.5,1.0 1.0 35.0 5.0 0.0
SurfaceMaterial,120 204 14,27.5,1.0 1.0 35.0 5.0 0.0
SurfaceMaterial,121 14 206,27.5,1.0 1.0 35.0 5.0 0.0
SurfaceMaterial,204 122 12,27.5,1.0 1.0 35.0 5.0 0.0
SurfaceMaterial,122 241 123,27.5,1.0 1.0 35.0 5.0 0.0
SurfaceMaterial,12 123 205,27.5,1.0 1.0 35.0 5.0 0.0
SurfaceMaterial,206 13 125,27.5,1.0 1.0 35.0 5.0 0.0
SurfaceMaterial,13 205 124,27.5,1.0 1.0 35.0 5.0 0.0
SurfaceMaterial,125 124 249,27.5,1.0 1.0 35.0 5.0 0.0
SurfaceMaterial,250 126 127,27.5,1.0 1.0 35.0 5.0 0.0
SurfaceMaterial,126 207 17,27.5,1.0 1.0 35.0 5.0 0.0
SurfaceMaterial,127 17 209,27.5,1.0 1.0 35.0 5.0 0.0
SurfaceMaterial,207 128 15,27.5,1.0 1.0 35.0 5.0 0.0
SurfaceMaterial,128 243 129,27.5,1.0 1.0 35.0 5.0 0.0
SurfaceMaterial,15 129 208,27.5,1.0 1.0 35.0 5.0 0.0
SurfaceMaterial,209 16 131,27.5,1.0 1.0 35.0 5.0 0.0
SurfaceMaterial,16 208 130,27.5,1.0 1.0 35.0 5.0 0.0
SurfaceMaterial,131 130 248,27.5,1.0 1.0 35.0 5.0 0.0
SurfaceMaterial,251 132 133,27.5,1.0 1.0 35.0 5.0 0.0
SurfaceMaterial,132 210 20,27.5,1.0 1.0 35.0 5.0 0.0
SurfaceMaterial,133 20 212,27.5,1.0 1.0 35.0 5.0 0.0
SurfaceMaterial,210 134 18,27.5,1.0 1.0 35.0 5.0 0.0
SurfaceMaterial,134 245 135,27.5,1.0 1.0 35.0 5.0 0.0
SurfaceMaterial,18 135 211,27.5,1.0 1.0 35.0 5.0 0.0
SurfaceMaterial,212 19 137,27.5,1.0 1.0 35.0 5.0 0.0
SurfaceMaterial,19 211 136,27.5,1.0 1.0 35.0 5.0 0.0
SurfaceMaterial,137 136 250,27.5,1.0 1.0 35.0 5.0 0.0
SurfaceMaterial,249 138 139,27.5,1.0 1.0 35.0 5.0 0.0
SurfaceMaterial,138 213 23,27.5,1.0 1.0 35.0 5.0 0.0
SurfaceMaterial,139 23 215,27.5,1.0 1.0 35.0 5.0 0.0
SurfaceMaterial,213 140 21,27.5,1.0 1.0 35.0 5.0 0.0
SurfaceMaterial,140 247 141,27.5,1.0 1.0 35.0 5.0 0.0
SurfaceMaterial,21 141 214,27.5,1.0 1.0 35.0 5.0 0.0
SurfaceMaterial,215 22 143,27.5,1.0 1.0 35.0 5.0 0.0
SurfaceMaterial,22 214 142,27.5,1.0 1.0 35.0 5.0 0.0
SurfaceMaterial,143 142 251,27.5,1.0 1.0 35.0 5.0 0.0
SurfaceMaterial,252 144 145,27.5,1.0 1.0 35.0 5.0 0.0
SurfaceMaterial,144 216 26,27.5,1.0 1.0 35.0 5.0 0.0
SurfaceMaterial,145 26 217,27.5,1.0 1.0 35.0 5.0 0.0
SurfaceMaterial,216 146 24,27.5,1.0 1.0 35.0 5.0 0.0
SurfaceMaterial,146 240 97,27.5,1.0 1.0 35.0 5.0 0.0
SurfaceMaterial,24 97 194,27.5,1.0 1.0 35.0 5.0 0.0
SurfaceMaterial,217 25 147,27.5,1.0 1.0 35.0 5.0 0.0
SurfaceMaterial,25 194 101,27.5,1.0 1.0 35.0 5.0 0.0
SurfaceMaterial,147 101 242,27.5,1.0 1.0 35.0 5.0 0.0
SurfaceMaterial,240 148 96,27.5,1.0 1.0 35.0 5.0 0.0
SurfaceMaterial,148 218 29,27.5,1.0 1.0 35.0 5.0 0.0
SurfaceMaterial,96 29 192,27.5,1.0 1.0 35.0 5.0 0.0
SurfaceMaterial,218 149 27,27.5,1.0 1.0 35.0 5.0 0.0
SurfaceMaterial,149 253 150,27.5,1.0 1.0 35.0 5.0 0.0
SurfaceMaterial,27 150 219,27.5,1.0 1.0 35.0 5.0 0.0
SurfaceMaterial,192 28 98,27.5,1.0 1.0 35.0 5.0 0.0
SurfaceMaterial,28 219 151,27.5,1.0 1.0 35.0 5.0 0.0
SurfaceMaterial,98 151 241,27.5,1.0 1.0 35.0 5.0 0.0
SurfaceMaterial,242 100 152,27.5,1.0 1.0 35.0 5.0 0.0
SurfaceMaterial,100 193 32,27.5,1.0 1.0 35.0 5.0 0.0
SurfaceMaterial,152 32 221,27.5,1.0 1.0 35.0 5.0 0.0
SurfaceMaterial,193 99 30,27.5,1.0 1.0 35.0 5.0 0.0
SurfaceMaterial,99 241 153,27.5,1.0 1.0 35.0 5.0 0.0
SurfaceMaterial,30 153 220,27.5,1.0 1.0 35.0 5.0 0.0
SurfaceMaterial,221 31 155,27.5,1.0 1.0 35.0 5.0 0.0
SurfaceMaterial,31 220 154,27.5,1.0 1.0 35.0 5.0 0.0
SurfaceMaterial,155 154 254,27.5,1.0 1.0 35.0 5.0 0.0
SurfaceMaterial,252 145 156,27.5,1.0 1.0 35.0 5.0 0.0
SurfaceMaterial,145 217 35,27.5,1.0 1.0 35.0 5.0 0.0
SurfaceMaterial,156 35 222,27.5,1.0 1.0 35.0 5.0 0.0
SurfaceMaterial,217 147 33,27.5,1.0 1.0 35.0 5.0 0.0
SurfaceMaterial,147 242 103,27.5,1.0 1.0 35.0 5.0 0.0
SurfaceMaterial,33 103 197,27.5,1.0 1.0 35.0 5.0 0.0
SurfaceMaterial,222 34 157,27.5,1.0 1.0 35.0 5.0 0.0
SurfaceMaterial,34 197 107,27.5,1.0 1.0 35.0 5.0 0.0
SurfaceMaterial,157 107 244,27.5,1.0 1.0 35.0 5.0 0.0
SurfaceMaterial,242 152 102,27.5,1.0 1.0 35.0 5.0 0.0
SurfaceMaterial,152 221 38,27.5,1.0 1.0 35.0 5.0 0.0
SurfaceMaterial,102 38 195,27.5,1.0 1.0 35.0 5.0 0.0
SurfaceMaterial,221 155 36,27.5,1.0 1.0 35.0 5.0 0.0
SurfaceMaterial,155 254 158,27.5,1.0 1.0 35.0 5.0 0.0
SurfaceMaterial,36 158 223,27.5,1.0 1.0 35.0 5.0 0.0
SurfaceMaterial,195 37 104,27.5,1.0 1.0 35.0 5.0 0.0
SurfaceMaterial,37 223 159,27.5,1.0 1.0 35.0 5.0 0.0
SurfaceMaterial,104 159 243,27.5,1.0 1.0 35.0 5.0 0.0
SurfaceMaterial,244 106 160,27.5,1.0 1.0 35.0 5.0 0.0
SurfaceMaterial,106 196 41,27.5,1.0 1.0 35.0 5.0 0.0
SurfaceMaterial,160 41 225,27.5,1.0 1.0 35.0 5.0 0.0
SurfaceMaterial,196 105 39,27.5,1.0 1.0 35.0 5.0 0.0
SurfaceMaterial,105 243 161,27.5,1.0 1.0 35.0 5.0 0.0
SurfaceMaterial,39 161 224,27.5,1.0 1.0 35.0 5.0 0.0
SurfaceMaterial,225 40 163,27.5,1.0 1.0 35.0 5.0 0.0
SurfaceMaterial,40 224 162,27.5,1.0 1.0 35.0 5.0 0.0
SurfaceMaterial,163 162 255,27.5,1.0 1.0 35.0 5.0 0.0
SurfaceMaterial,252 156 164,27.5,1.0 1.0 35.0 5.0 0.0
SurfaceMaterial,156 222 44,27.5,1.0 1.0 35.0 5.0 0.0
SurfaceMaterial,164 44 226,27.5,1.0 1.0 35.0 5.0 0.0
SurfaceMaterial,222 157 42,27.5,1.0 1.0 35.0 5.0 0.0
SurfaceMaterial,157 244 109,27.5,1.0 1.0 35.0 5.0 0.0
SurfaceMaterial,42 109 200,27.5,1.0 1.0 35.0 5.0 0.0
SurfaceMaterial,226 43 165,27.5,1.0 1.0 35.0 5.0 0.0
SurfaceMaterial,43 200 113,27.5,1.0 1.0 35.0 5.0 0.0
SurfaceMaterial,165 113 246,27.5,1.0 1.0 35.0 5.0 0.0
SurfaceMaterial,244 160 108,27.5,1.0 1.0 35.0 5.0 0.0
SurfaceMaterial,160 225 47,27.5,1.0 1.0 35.0 5.0 0.0
SurfaceMaterial,108 47 198,27.5,1.0 1.0 35.0 5.0 0.0
SurfaceMaterial,225 163 45,27.5,1.0 1.0 35.0 5.0 0.0
SurfaceMaterial,163 255 166,27.5,1.0 1.0 35.0 5.0 0.0
SurfaceMaterial,45 166 227,27.5,1.0 1.0 35.0 5.0 0.0
SurfaceMaterial,198 46 110,27.5,1.0 1.0 35.0 5.0 0.0
SurfaceMaterial,46 227 167,27.5,1.0 1.0 35.0 5.0 0.0
SurfaceMaterial,110 167 245,27.5,1.0 1.0 35.0 5.0 0.0
SurfaceMaterial,246 112 168,27.5,1.0 1.0 35.0 5.0 0.0
SurfaceMaterial,112 199 50,27.5,1.0 1.0 35.0 5.0 0.0
SurfaceMaterial,168 50 229,27.5,1.0 1.0 35.0 5.0 0.0
SurfaceMaterial,199 111 48,27.5,1.0 1.0 35.0 5.0 0.0
SurfaceMaterial,111 245 169,27.5,1.0 1.0 35.0 5.0 0.0
SurfaceMaterial,48 169 228,27.5,1.0 1.0 35.0 5.0 0.0
SurfaceMaterial,229 49 171,27.5,1.0 1.0 35.0 5.0 0.0
SurfaceMaterial,49 228 170,27.5,1.0 1.0 35.0 5.0 0.0
SurfaceMaterial,171 170 256,27.5,1.0 1.0 35.0 5.0 0.0
SurfaceMaterial,252 164 144,27.5,1.0 1.0 35.0 5.0 0.0
SurfaceMaterial,164 226 53,27.5,1.0 1.0 35.0 5.0 0.0
SurfaceMaterial,144 53 216,27.5,1.0 1.0 35.0 5.0 0.0
SurfaceMaterial,226 165 51,27.5,1.0 1.0 35.0 5.0 0.0
SurfaceMaterial,165 246 115,27.5,1.0 1.0 35.0 5.0 0.0
SurfaceMaterial,51 115 203,27.5,1.0 1.0 35.0 5.0 0.0
SurfaceMaterial,216 52 146,27.5,1.0 1.0 35.0 5.0 0.0
SurfaceMaterial,52 203 119,27.5,1.0 1.0 35.0 5.0 0.0
SurfaceMaterial,146 119 240,27.5,1.0 1.0 35.0 5.0 0.0
SurfaceMaterial,246 168 114,27.5,1.0 1.0 35.0 5.0 0.0
SurfaceMaterial,168 229 56,27.5,1.0 1.0 35.0 5.0 0.0
SurfaceMaterial,114 56 201,27.5,1.0 1.0 35.0 5.0 0.0
SurfaceMaterial,229 171 54,27.5,1.0 1.0 35.0 5.0 0.0
SurfaceMaterial,171 256 172,27.5,1.0 1.0 35.0 5.0 0.0
SurfaceMaterial,54 172 230,27.5,1.0 1.0 35.0 5.0 0.0
SurfaceMaterial,201 55 116,27.5,1.0 1.0 35.0 5.0 0.0
SurfaceMaterial,55 230 173,27.5,1.0 1.0 35.0 5.0 0.0
SurfaceMaterial,116 173 247,27.5,1.0 1.0 35.0 5.0 0.0
SurfaceMaterial,240 118 148,27.5,1.0 1.0 35.0 5.0 0.0
SurfaceMaterial,118 202 59,27.5,1.0 1.0 35.0 5.0 0.0
SurfaceMaterial,148 59 218,27.5,1.0 1.0 35.0 5.0 0.0
SurfaceMaterial,202 117 57,27.5,1.0 1.0 35.0 5.0 0.0
SurfaceMaterial,117 247 174,27.5,1.0 1.0 35.0 5.0 0.0
SurfaceMaterial,57 174 231,27.5,1.0 1.0 35.0 5.0 0.0
SurfaceMaterial,218 58 149,27.5,1.0 1.0 35.0 5.0 0.0
SurfaceMaterial,58 231 175,27.5,1.0 1.0 35.0 5.0 0.0
SurfaceMaterial,149 175 253,27.5,1.0 1.0 35.0 5.0 0.0
SurfaceMaterial,257 176 177,27.5,1.0 1.0 35.0 5.0 0.0
SurfaceMaterial,176 232 62,27.5,1.0 1.0 35.0 5.0 0.0
SurfaceMaterial,177 62 233,27.5,1.0 1.0 35.0 5.0 0.0
SurfaceMaterial,232 178 60,27.5,1.0 1.0 35.0 5.0 0.0
SurfaceMaterial,178 248 121,27.5,1.0 1.0 35.0 5.0 0.0
SurfaceMaterial,60 121 206,27.5,1.0 1.0 35.0 5.0 0.0
SurfaceMaterial,233 61 179,27.5,1.0 1.0 35.0 5.0 0.0
SurfaceMaterial,61 206 125,27.5,1.0 1.0 35.0 5.0 0.0
SurfaceMaterial,179 125 249,27.5,1.0 1.0 35.0 5.0 0.0
SurfaceMaterial,248 180 120,27.5,1.0 1.0 35.0 5.0 0.0
SurfaceMaterial,180 234 65,27.5,1.0 1.0 35.0 5.0 0.0
SurfaceMaterial,120 65 204,27.5,1.0 1.0 35.0 5.0 0.0
SurfaceMaterial,234 181 63,27.5,1.0 1.0 35.0 5.0 0.0
SurfaceMaterial,181 254 154,27.5,1.0 1.0 35.0 5.0 0.0
SurfaceMaterial,63 154 220,27.5,1.0 1.0 35.0 5.0 0.0
SurfaceMaterial,204 64 122,27.5,1.0 1.0 35.0 5.0 0.0
SurfaceMaterial,64 220 153,27.5,1.0 1.0 35.0 5.0 0.0
SurfaceMaterial,122 153 241,27.5,1.0 1.0 35.0 5.0 0.0
SurfaceMaterial,249 124 182,27.5,1.0 1.0 35.0 5.0 0.0
SurfaceMaterial,124 205 68,27.5,1.0 1.0 35.0 5.0 0.0
SurfaceMaterial,182 68 235,27.5,1.0 1.0 35.0 5.0 0.0
SurfaceMaterial,205 123 66,27.5,1.0 1.0 35.0 5.0 0.0
SurfaceMaterial,123 241 151,27.5,1.0 1.0 35.0 5.0 0.0
SurfaceMaterial,66 151 219,27.5,1.0 1.0 35.0 5.0 0.0
SurfaceMaterial,235 67 183,27.5,1.0 1.0 35.0 5.0 0.0
SurfaceMaterial,67 219 150,27.5,1.0 1.0 35.0 5.0 0.0
SurfaceMaterial,183 150 253,27.5,1.0 1.0 35.0 5.0 0.0
SurfaceMaterial,257 184 176,27.5,1.0 1.0 35.0 5.0 0.0
SurfaceMaterial,184 236 71,27.5,1.0 1.0 35.0 5.0 0.0
SurfaceMaterial,176 71 232,27.5,1.0 1.0 35.0 5.0 0.0
SurfaceMaterial,236 185 69,27.5,1.0 1.0 35.0 5.0 0.0
SurfaceMaterial,185 250 127,27.5,1.0 1.0 35.0 5.0 0.0
SurfaceMaterial,69 127 209,27.5,1.0 1.0 35.0 5.0 0.0
SurfaceMaterial,232 70 178,27.5,1.0 1.0 35.0 5.0 0.0
SurfaceMaterial,70 209 131,27.5,1.0 1.0 35.0 5.0 0.0
SurfaceMaterial,178 131 248,27.5,1.0 1.0 35.0 5.0 0.0
SurfaceMaterial,250 186 126,27.5,1.0 1.0 35.0 5.0 0.0
SurfaceMaterial,186 237 74,27.5,1.0 1.0 35.0 5.0 0.0
SurfaceMaterial,126 74 207,27.5,1.0 1.0 35.0 5.0 0.0
SurfaceMaterial,237 187 72,27.5,1.0 1.0 35.0 5.0 0.0
SurfaceMaterial,187 255 162,27.5,1.0 1.0 35.0 5.0 0.0
SurfaceMaterial,72 162 224,27.5,1.0 1.0 35.0 5.0 0.0
SurfaceMaterial,207 73 128,27.5,1.0 1.0 35.0 5.0 0.0
SurfaceMaterial,73 224 161,27.5,1.0 1.0 35.0 5.0 0.0
SurfaceMaterial,128 161 243,27.5,1.0 1.0 35.0 5.0 0.0
SurfaceMaterial,248 130 180,27.5,1.0 1.0 35.0 5.0 0.0
SurfaceMaterial,130 208 77,27.5,1.0 1.0 35.0 5.0 0.0
SurfaceMaterial,180 77 234,27.5,1.0 1.0 35.0 5.0 0.0
SurfaceMaterial,208 129 75,27.5,1.0 1.0 35.0 5.0 0.0
SurfaceMaterial,129 243 159,27.5,1.0 1.0 35.0 5.0 0.0
SurfaceMaterial,75 159 223,27.5,1.0 1.0 35.0 5.0 0.0
SurfaceMaterial,234 76 181,27.5,1.0 1.0 35.0 5.0 0.0
SurfaceMaterial,76 223 158,27.5,1.0 1.0 35.0 5.0 0.0
SurfaceMaterial,181 158 254,27.5,1.0 1.0 35.0 5.0 0.0
SurfaceMaterial,257 188 184,27.5,1.0 1.0 35.0 5.0 0.0
SurfaceMaterial,188 238 80,27.5,1.0 1.0 35.0 5.0 0.0
SurfaceMaterial,184 80 236,27.5,1.0 1.0 35.0 5.0 0.0
SurfaceMaterial,238 189 78,27.5,1.0 1.0 35.0 5.0 0.0
SurfaceMaterial,189 251 133,27.5,1.0 1.0 35.0 5.0 0.0
SurfaceMaterial,78 133 212,27.5,1.0 1.0 35.0 5.0 0.0
SurfaceMaterial,236 79 185,27.5,1.0 1.0 35.0 5.0 0.0
SurfaceMaterial,79 212 137,27.5,1.0 1.0 35.0 5.0 0.0
SurfaceMaterial,185 137 250,27.5,1.0 1.0 35.0 5.0 0.0
SurfaceMaterial,251 190 132,27.5,1.0 1.0 35.0 5.0 0.0
SurfaceMaterial,190 239 83,27.5,1.0 1.0 35.0 5.0 0.0
SurfaceMaterial,132 83 210,27.5,1.0 1.0 35.0 5.0 0.0
SurfaceMaterial,239 191 81,27.5,1.0 1.0 35.0 5.0 0.0
SurfaceMaterial,191 256 170,27.5,1.0 1.0 35.0 5.0 0.0
SurfaceMaterial,81 170 228,27.5,1.0 1.0 35.0 5.0 0.0
SurfaceMaterial,210 82 134,27.5,1.0 1.0 35.0 5.0 0.0
SurfaceMaterial,82 228 169,27.5,1.0 1.0 35.0 5.0 0.0
SurfaceMaterial,134 169 245,27.5,1.0 1.0 35.0 5.0 0.0
SurfaceMaterial,250 136 186,27.5,1.0 1.0 35.0 5.0 0.0
SurfaceMaterial,136 211 86,27.5,1.0 1.0 35.0 5.0 0.0
SurfaceMaterial,186 86 237,27.5,1.0 1.0 35.0 5.0 0.0
SurfaceMaterial,211 135 84,27.5,1.0 1.0 35.0 5.0 0.0
SurfaceMaterial,135 245 167,27.5,1.0 1.0 35.0 5.0 0.0
SurfaceMaterial,84 167 227,27.5,1.0 1.0 35.0 5.0 0.0
SurfaceMaterial,237 85 187,27.5,1.0 1.0 35.0 5.0 0.0
SurfaceMaterial,85 227 166,27.5,1.0 1.0 35.0 5.0 0.0
SurfaceMaterial,187 166 255,27.5,1.0 1.0 35.0 5.0 0.0
SurfaceMaterial,257 177 188,27.5,1.0 1.0 35.0 5.0 0.0
SurfaceMaterial,177 233 89,27.5,1.0 1.0 35.0 5.0 0.0
SurfaceMaterial,188 89 238,27.5,1.0 1.0 35.0 5.0 0.0
SurfaceMaterial,233 179 87,27.5,1.0 1.0 35.0 5.0 0.0
SurfaceMaterial,179 249 139,27.5,1.0 1.0 35.0 5.0 0.0
SurfaceMaterial,87 139 215,27.5,1.0 1.0 35.0 5.0 0.0
SurfaceMaterial,238 88 189,27.5,1.0 1.0 35.0 5.0 0.0
SurfaceMaterial,88 215 143,27.5,1.0 1.0 35.0 5.0 0.0
SurfaceMaterial,189 143 251,27.5,1.0 1.0 35.0 5.0 0.0
SurfaceMaterial,249 182 138,27.5,1.0 1.0 35.0 5.0 0.0
SurfaceMaterial,182 235 92,27.5,1.0 1.0 35.0 5.0 0.0
SurfaceMaterial,138 92 213,27.5,1.0 1.0 35.0 5.0 0.0
SurfaceMaterial,235 183 90,27.5,1.0 1.0 35.0 5.0 0.0
SurfaceMaterial,183 253 175,27.5,1.0 1.0 35.0 5.0 0.0
SurfaceMaterial,90 175 231,27.5,1.0 1.0 35.0 5.0 0.0
SurfaceMaterial,213 91 140,27.5,1.0 1.0 35.0 5.0 0.0
SurfaceMaterial,91 231 174,27.5,1.0 1.0 35.0 5.0 0.0
SurfaceMaterial,140 174 247,27.5,1.0 1.0 35.0 5.0 0.0
SurfaceMaterial,251 142 190,27.5,1.0 1.0 35.0 5.0 0.0
SurfaceMaterial,142 214 95,27.5,1.0 1.0 35.0 5.0 0.0
SurfaceMaterial,190 95 239,27.5,1.0 1.0 35.0 5.0 0.0
SurfaceMaterial,214 141 93,27.5,1.0 1.0 35.0 5.0 0.0
SurfaceMaterial,141 247 173,27.5,1.0 1.0 35.0 5.0 0.0
SurfaceMaterial,93 173 230,27.5,1.0 1.0 35.0 5.0 0.0
SurfaceMaterial,239 94 191,27.5,1.0 1.0 35.0 5.0 0.0
SurfaceMaterial,94 230 172,27.5,1.0 1.0 35.0 5.0 0.0
SurfaceMaterial,191 172 256,27.5,1.0 1.0 35.0 5.0 0.0
Area,0 1 2,5000.0,1.0 1.0
Area,3 4 5,5000.0,1.0 1.0
Area,6 7 8,5000.0,1.0 1.0
Area,9 10 11,5000.0,1.0 1.0
Area,12 13 14,5000.0,1.0 1.0
Area,15 16 17,5000.0,1.0 1.0
Area,18 19 20,5000.0,1.0 1.0
Area,21 22 23,5000.0,1.0 1.0
Area,24 25 26,5000.0,1.0 1.0
Area,27 28 29,5000.0,1.0 1.0
Area,30 31 32,5000.0,1.0 1.0
Area,33 34 35,5000.0,1.0 1.0
Area,36 37 38,5000.0,1.0 1.0
Area,39 40 41,5000.0,1.0 1.0
Area,42 43 44,5000.0,1.0 1.0
Area,45 46 47,5000.0,1.0 1.0
Area,48 49 50,5000.0,1.0 1.0
Area,51 52 53,5000.0,1.0 1.0
Area,54 55 56,5000.0,1.0 1.0
Area,57 58 59,5000.0,1.0 1.0
Area,60 61 62,5000.0,1.0 1.0
Area,63 64 65,5000.0,1.0 1.0
Area,66 67 68,5000.0,1.0 1.0
Area,69 70 71,5000.0,1.0 1.0
Area,72 73 74,5000.0,1.0 1.0
Area,75 76 77,5000.0,1.0 1.0
Area,78 79 80,5000.0,1.0 1.0
Area,81 82 83,5000.0,1.0 1.0
Area,84 85 86,5000.0,1.0 1.0
Area,87 88 89,5000.0,1.0 1.0
Area,90 91 92,5000.0,1.0 1.0
Area,93 94 95,5000.0,1.0 1.0
Area,96 2 97,5000.0,1.0 1.0
Area,98 99 0,5000.0,1.0 1.0
Area,1 100 101,5000.0,1.0 1.0
Area,102 5 103,5000.0,1.0 1.0
Area,104 105 3,5000.0,1.0 1.0
Area,4 106 107,5000.0,1.0 1.0
Area,108 8 109,5000.0,1.0 1.0
Area,110 111 6,5000.0,1.0 1.0
Area,7 112 113,5000.0,1.0 1.0
Area,114 11 115,5000.0,1.0 1.0
Area,116 117 9,5000.0,1.0 1.0
Area,10 118 119,5000.0,1.0 1.0
Area,120 14 121,5000.0,1.0 1.0
Area,122 123 12,5000.0,1.0 1.0
Area,13 124 125,5000.0,1.0 1.0
Area,126 17 127,5000.0,1.0 1.0
Area,128 129 15,5000.0,1.0 1.0
Area,16 130 131,5000.0,1.0 1.0
Area,132 20 133,5000.0,1.0 1.0
Area,134 135 18,5000.0,1.0 1.0
Area,19 136 137,5000.0,1.0 1.0
Area,138 23 139,5000.0,1.0 1.0
Area,140 141 21,5000.0,1.0 1.0
Area,22 142 143,5000.0,1.0 1.0
Area,144 26 145,5000.0,1.0 1.0
Area,146 97 24,5000.0,1.0 1.0
Area,25 101 147,5000.0,1.0 1.0
Area,148 29 96,5000.0,1.0 1.0
Area,149 150 27,5000.0,1.0 1.0
Area,28 151 98,5000.0,1.0 1.0
Area,100 32 152,5000.0,1.0 1.0
Area,99 153 30,5000.0,1.0 1.0
Area,31 154 155,5000.0,1.0 1.0
Area,145 35 156,5000.0,1.0 1.0
Area,147 103 33,5000.0,1.0 1.0
Area,34 107 157,5000.0,1.0 1.0
Area,152 38 102,5000.0,1.0 1.0
Area,155 158 36,5000.0,1.0 1.0
Area,37 159 104,5000.0,1.0 1.0
Area,106 41 160,5000.0,1.0 1.0
Area,105 161 39,5000.0,1.0 1.0
Area,40 162 163,5000.0,1.0 1.0
Area,156 44 164,5000.0,1.0 1.0
Area,157 109 42,5000.0,1.0 1.0
Area,43 113 165,5000.0,1.0 1.0
Area,160 47 108,5000.0,1.0 1.0
Area,163 166 45,5000.0,1.0 1.0
Area,46 167 110,5000.0,1.0 1.0
Area,112 50 168,5000.0,1.0 1.0
Area,111 169 48,5000.0,1.0 1.0
Area,49 170 171,5000.0,1.0 1.0
Area,164 53 144,5000.0,1.0 1.0
Area,165 115 51,5000.0,1.0 1.0
Area,52 119 146,5000.0,1.0 1.0
Area,168 56 114,5000.0,1.0 1.0
Area,171 172 54,5000.0,1.0 1.0
Area,55 173 116,5000.0,1.0 1.0
Area,118 59 148,5000.0,1.0 1.0
Area,117 174 57,5000.0,1.0 1.0
Area,58 175 149,5000.0,1.0 1.0
Area,176 62 177,5000.0,1.0 1.0
Area,178 121 60,5000.0,1.0 1.0
Area,61 125 179,5000.0,1.0 1.0
Area,180 65 120,5000.0,1.0 1.0
Area,181 154 63,5000.0,1.0 1.0
Area,64 153 122,5000.0,1.0 1.0
Area,124 68 182,5000.0,1.0 1.0
Area,123 151 66,5000.0,1.0 1.0
Area,67 150 183,5000.0,1.0 1.0
Area,184 71 176,5000.0,1.0 1.0
Area,185 127 69,5000.0,1.0 1.0
Area,70 131 178,5000.0,1.0 1.0
Area,186 74 126,5000.0,1.0 1.0
Area,187 162 72,5000.0,1.0 1.0
Area,73 161 128,5000.0,1.0 1.0
Area,130 77 180,5000.0,1.0 1.0
Area,129 159 75,5000.0,1.0 1.0
Area,76 158 181,5000.0,1.0 1.0
Area,188 80 184,5000.0,1.0 1.0
Area,189 133 78,5000.0,1.0 1.0
Area,79 137 185,5000.0,1.0 1.0
Area,190 83 132,5000.0,1.0 1.0
Area,191 170 81,5000.0,1.0 1.0
Area,82 169 134,5000.0,1.0 1.0
Area,136 86 186,5000.0,1.0 1.0
Area,135 167 84,5000.0,1.0 1.0
Area,85 166 187,5000.0,1.0 1.0
Area,177 89 188,5000.0,1.0 1.0
Area,179 139 87,5000.0,1.0 1.0
Area,88 143 189,5000.0,1.0 1.0
Area,182 92 138,5000.0,1.0 1.0
Area,183 175 90,5000.0,1.0 1.0
Area,91 174 140,5000.0,1.0 1.0
Area,142 95 190,5000.0,1.0 1.0
Area,141 173 93,5000.0,1.0 1.0
Area,94 172 191,5000.0,1.0 1.0
Area,192 0 2,5000.0,1.0 1.0
Area,0 193 1,5000.0,1.0 1.0
Area,2 1 194,5000.0,1.0 1.0
Area,195 3 5,5000.0,1.0 1.0
Area,3 196 4,5000.0,1.0 1.0
Area,5 4 197,5000.0,1.0 1.0
Area,198 6 8,5000.0,1.0 1.0
Area,6 199 7,5000.0,1.0 1.0
Area,8 7 200,5000.0,1.0 1.0
Area,201 9 11,5000.0,1.0 1.0
Area,9 202 10,5000.0,1.0 1.0
Area,11 10 203,5000.0,1.0 1.0
Area,204 12 14,5000.0,1.0 1.0
Area,12 205 13,5000.0,1.0 1.0
Area,14 13 206,5000.0,1.0 1.0
Area,207 15 17,5000.0,1.0 1.0
Area,15 208 16,5000.0,1.0 1.0
Area,17 16 209,5000.0,1.0 1.0
Area,210 18 20,5000.0,1.0 1.0
Area,18 211 19,5000.0,1.0 1.0
Area,20 19 212,5000.0,1.0 1.0
Area,213 21 23,5000.0,1.0 1.0
Area,21 214 22,5000.0,1.0 1.0
Area,23 22 215,5000.0,1.0 1.0
Area,216 24 26,5000.0,1.0 1.0
Area,24 194 25,5000.0,1.0 1.0
Area,26 25 217,5000.0,1.0 1.0
Area,218 27 29,5000.0,1.0 1.0
Area,27 219 28,5000.0,1.0 1.0
Area,29 28 192,5000.0,1.0 1.0
Area,193 30 32,5000.0,1.0 1.0
Area,30 220 31,5000.0,1.0 1.0
Area,32 31 221,5000.0,1.0 1.0
Area,217 33 35,5000.0,1.0 1.0
Area,33 197 34,5000.0,1.0 1.0
Area,35 34 222,5000.0,1.0 1.0
Area,221 36 38,5000.0,1.0 1.0
Area,36 223 37,5000.0,1.0 1.0
Area,38 37 195,5000.0,1.0 1.0
Area,196 39 41,5000.0,1.0 1.0
Area,39 224 40,5000.0,1.0 1.0
Area,41 40 225,5000.0,1.0 1.0
Area,222 42 44,5000.0,1.0 1.0
Area,42 200 43,5000.0,1.0 1.0
Area,44 43 226,5000.0,1.0 1.0
Area,225 45 47,5000.0,1.0 1.0
Area,45 227 46,5000.0,1.0 1.0
Area,47 46 198,5000.0,1.0 1.0
Area,199 48 50,5000.0,1.0 1.0
Area,48 228 49,5000.0,1.0 1.0
Area,50 49 229,5000.0,1.0 1.0
Area,226 51 53,5000.0,1.0 1.0
Area,51 203 52,5000.0,1.0 1.0
Area,53 52 216,5000.0,1.0 1.0
Area,229 54 56,5000.0,1.0 1.0
Area,54 230 55,5000.0,1.0 1.0
Area,56 55 201,5000.0,1.0 1.0
Area,202 57 59,5000.0,1.0 1.0
Area,57 231 58,5000.0,1.0 1.0
Area,59 58 218,5000.0,1.0 1.0
Area,232 60 62,5000.0,1.0 1.0
Area,60 206 61,5000.0,1.0 1.0
Area,62 61 233,5000.0,1.0 1.0
Area,234 63 65,5000.0,1.0 1.0
Area,63 220 64,5000.0,1.0 1.0
Area,65 64 204,5000.0,1.0 1.0
Area,205 66 68,5000.0,1.0 1.0
Area,66 219 67,5000.0,1.0 1.0
Area,68 67 235,5000.0,1.0 1.0
Area,236 69 71,5000.0,1.0 1.0
Area,69 209 70,5000.0,1.0 1.0
Area,71 70 232,5000.0,1.0 1.0
Area,237 72 74,5000.0,1.0 1.0
Area,72 224 73,5000.0,1.0 1.0
Area,74 73 207,5000.0,1.0 1.0
Area,208 75 77,5000.0,1.0 1.0
Area,75 223 76,5000.0,1.0 1.0
Area,77 76 234,5000.0,1.0 1.0
Area,238 78 80,5000.0,1.0 1.0
Area,78 212 79,5000.0,1.0 1.0
Area,80 79 236,5000.0,1.0 1.0
Area,239 81 83,5000.0,1.0 1.0
Area,81 228 82,5000.0,1.0 1.0
Area,83 82 210,5000.0,1.0 1.0
Area,211 84 86,5000.0,1.0 1.0
Area,84 227 85,5000.0,1.0 1.0
Area,86 85 237,5000.0,1.0 1.0
Area,233 87 89,5000.0,1.0 1.0
Area,87 215 88,5000.0,1.0 1.0
Area,89 88 238,5000.0,1.0 1.0
Area,235 90 92,5000.0,1.0 1.0
Area,90 231 91,5000.0,1.0 1.0
Area,92 91 213,5000.0,1.0 1.0
Area,214 93 95,5000.0,1.0 1.0
Area,93 230 94,5000.0,1.0 1.0
Area,95 94 239,5000.0,1.0 1.0
Area,240 96 97,5000.0,1.0 1.0
Area,96 192 2,5000.0,1.0 1.0
Area,97 2 194,5000.0,1.0 1.0
Area,192 98 0,5000.0,1.0 1.0
Area,98 241 99,5000.0,1.0 1.0
Area,0 99 193,5000.0,1.0 1.0
Area,194 1 101,5000.0,1.0 1.0
Area,1 193 100,5000.0,1.0 1.0
Area,101 100 242,5000.0,1.0 1.0
Area,242 102 103,5000.0,1.0 1.0
Area,102 195 5,5000.0,1.0 1.0
Area,103 5 197,5000.0,1.0 1.0
Area,195 104 3,5000.0,1.0 1.0
Area,104 243 105,5000.0,1.0 1.0
Area,3 105 196,5000.0,1.0 1.0
Area,197 4 107,5000.0,1.0 1.0
Area,4 196 106,5000.0,1.0 1.0
Area,107 106 244,5000.0,1.0 1.0
Area,244 108 109,5000.0,1.0 1.0
Area,108 198 8,5000.0,1.0 1.0
Area,109 8 200,5000.0,1.0 1.0
Area,198 110 6,5000.0,1.0 1.0
Area,110 245 111,5000.0,1.0 1.0
Area,6 111 199,5000.0,1.0 1.0
Area,200 7 113,5000.0,1.0 1.0
Area,7 199 112,5000.0,1.0 1.0
Area,113 112 246,5000.0,1.0 1.0
Area,246 114 115,5000.0,1.0 1.0
Area,114 201 11,5000.0,1.0 1.0
Area,115 11 203,5000.0,1.0 1.0
Area,201 116 9,5000.0,1.0 1.0
Area,116 247 117,5000.0,1.0 1.0
Area,9 117 202,5000.0,1.0 1.0
Area,203 10 119,5000.0,1.0 1.0
Area,10 202 118,5000.0,1.0 1.0
Area,119 118 240,5000.0,1.0 1.0
Area,248 120 121,5000.0,1.0 1.0
Area,120 204 14,5000.0,1.0 1.0
Area,121 14 206,5000.0,1.0 1.0
Area,204 122 12,5000.0,1.0 1.0
Area,122 241 123,5000.0,1.0 1.0
Area,12 123 205,5000.0,1.0 1.0
Area,206 13 125,5000.0,1.0 1.0
Area,13 205 124,5000.0,1.0 1.0
Area,125 124 249,5000.0,1.0 1.0
Area,250 126 127,5000.0,1.0 1.0
Area,126 207 17,5000.0,1.0 1.0
Area,127 17 209,5000.0,1.0 1.0
Area,207 128 15,5000.0,1.0 1.0
Area,128 243 129,5000.0,1.0 1.0
Area,15 129 208,5000.0,1.0 1.0
Area,209 16 131,5000.0,1.0 1.0
Area,16 208 130,5000.0,1.0 1.0
Area,131 130 248,5000.0,1.0 1.0
Area,251 132 133,5000.0,1.0 1.0
Area,132 210 20,5000.0,1.0 1.0
Area,133 20 212,5000.0,1.0 1.0
Area,210 134 18,5000.0,1.0 1.0
Area,134 245 135,5000.0,1.0 1.0
Area,18 135 211,5000.0,1.0 1.0
Area,212 19 137,5000.0,1.0 1.0
Area,19 211 136,5000.0,1.0 1.0
Area,137 136 250,5000.0,1.0 1.0
Area,249 138 139,5000.0,1.0 1.0
Area,138 213 23,5000.0,1.0 1.0
Area,139 23 215,5000.0,1.0 1.0
Area,213 140 21,5000.0,1.0 1.0
Area,140 247 141,5000.0,1.0 1.0
Area,21 141 214,5000.0,1.0 1.0
Area,215 22 143,5000.0,1.0 1.0
Area,22 214 142,5000.0,1.0 1.0
Area,143 142 251,5000.0,1.0 1.0
Area,252 144 145,5000.0,1.0 1.0
Area,144 216 26,5000.0,1.0 1.0
Area,145 26 217,5000.0,1.0 1.0
Area,216 146 24,5000.0,1.0 1.0
Area,146 240 97,5000.0,1.0 1.0
Area,24 97 194,5000.0,1.0 1.0
Area,217 25 147,5000.0,1.0 1.0
Area,25 194 101,5000.0,1.0 1.0
Area,147 101 242,5000.0,1.0 1.0
Area,240 148 96,5000.0,1.0 1.0
Area,148 218 29,5000.0,1.0 1.0
Area,96 29 192,5000.0,1.0 1.0
Area,218 149 27,5000.0,1.0 1.0
Area,149 253 150,5000.0,1.0 1.0
Area,27 150 219,5000.0,1.0 1.0
Area,192 28 98,5000.0,1.0 1.0
Area,28 219 151,5000.0,1.0 1.0
Area,98 151 241,5000.0,1.0 1.0
Area,242 100 152,5000.0,1.0 1.0
Area,100 193 32,5000.0,1.0 1.0
Area,152 32 221,5000.0,1.0 1.0
Area,193 99 30,5000.0,1.0 1.0
Area,99 241 153,5000.0,1.0 1.0
Area,30 153 220,5000.0,1.0 1.0
Area,221 31 155,5000.0,1.0 1.0
Area,31 220 154,5000.0,1.0 1.0
Area,155 154 254,5000.0,1.0 1.0
Area,252 145 156,5000.0,1.0 1.0
Area,145 217 35,5000.0,1.0 1.0
Area,156 35 222,5000.0,1.0 1.0
Area,217 147 33,5000.0,1.0 1.0
Area,147 242 103,5000.0,1.0 1.0
Area,33 103 197,5000.0,1.0 1.0
Area,222 34 157,5000.0,1.0 1.0
Area,34 197 107,5000.0,1.0 1.0
Area,157 107 244,5000.0,1.0 1.0
Area,242 152 102,5000.0,1.0 1.0
Area,152 221 38,5000.0,1.0 1.0
Area,102 38 195,5000.0,1.0 1.0
Area,221 155 36,5000.0,1.0 1.0
Area,155 254 158,5000.0,1.0 1.0
Area,36 158 223,5000.0,1.0 1.0
Area,195 37 104,5000.0,1.0 1.0
Area,37 223 159,5000.0,1.0 1.0
Area,104 159 243,5000.0,1.0 1.0
Area,244 106 160,5000.0,1.0 1.0
Area,106 196 41,5000.0,1.0 1.0
Area,160 41 225,5000.0,1.0 1.0
Area,196 105 39,5000.0,1.0 1.0
Area,105 243 161,5000.0,1.0 1.0
Area,39 161 224,5000.0,1.0 1.0
Area,225 40 163,5000.0,1.0 1.0
Area,40 224 162,5000.0,1.0 1.0
Area,163 162 255,5000.0,1.0 1.0
Area,252 156 164,5000.0,1.0 1.0
Area,156 222 44,5000.0,1.0 1.0
Area,164 44 226,5000.0,1.0 1.0
Area,222 157 42,5000.0,1.0 1.0
Area,157 244 109,5000.0,1.0 1.0
Area,42 109 200,5000.0,1.0 1.0
Area,226 43 165,5000.0,1.0 1.0
Area,43 200 113,5000.0,1.0 1.0
Area,165 113 246,5000.0,1.0 1.0
Area,244 160 108,5000.0,1.0 1.0
Area,160 225 47,5000.0,1.0 1.0
Area,108 47 198,5000.0,1.0 1.0
Area,225 163 45,5000.0,1.0 1.0
Area,163 255 166,5000.0,1.0 1.0
Area,45 166 227,5000.0,1.0 1.0
Area,198 46 110,5000.0,1.0 1.0
Area,46 227 167,5000.0,1.0 1.0
Area,110 167 245,5000.0,1.0 1.0
Area,246 112 168,5000.0,1.0 1.0
Area,112 199 50,5000.0,1.0 1.0
Area,168 50 229,5000.0,1.0 1.0
Area,199 111 48,5000.0,1.0 1.0
Area,111 245 169,5000.0,1.0 1.0
Area,48 169 228,5000.0,1.0 1.0
Area,229 49 171,5000.0,1.0 1.0
Area,49 228 170,5000.0,1.0 1.0
Area,171 170 256,5000.0,1.0 1.0
Area,252 164 144,5000.0,1.0 1.0
Area,164 226 53,5000.0,1.0 1.0
Area,144 53 216,5000.0,1.0 1.0
Area,226 165 51,5000.0,1.0 1.0
Area,165 246 115,5000.0,1.0 1.0
Area,51 115 203,5000.0,1.0 1.0
Area,216 52 146,5000.0,1.0 1.0
Area,52 203 119,5000.0,1.0 1.0
Area,146 119 240,5000.0,1.0 1.0
Area,246 168 114,5000.0,1.0 1.0
Area,168 229 56,5000.0,1.0 1.0
Area,114 56 201,5000.0,1.0 1.0
Area,229 171 54,5000.0,1.0 1.0
Area,171 256 172,5000.0,1.0 1.0
Area,54 172 230,5000.0,1.0 1.0
Area,201 55 116,5000.0,1.0 1.0
Area,55 230 173,5000.0,1.0 1.0
Area,116 173 247,5000.0,1.0 1.0
Area,240 118 148,5000.0,1.0 1.0
Area,118 202 59,5000.0,1.0 1.0
Area,148 59 218,5000.0,1.0 1.0
Area,202 117 57,5000.0,1.0 1.0
Area,117 247 174,5000.0,1.0 1.0
Area,57 174 231,5000.0,1.0 1.0
Area,218 58 149,5000.0,1.0 1.0
Area,58 231 175,5000.0,1.0 1.0
Area,149 175 253,5000.0,1.0 1.0
Area,257 176 177,5000.0,1.0 1.0
Area,176 232 62,5000.0,1.0 1.0
Area,177 62 233,5000.0,1.0 1.0
Area,232 178 60,5000.0,1.0 1.0
Area,178 248 121,5000.0,1.0 1.0
Area,60 121 206,5000.0,1.0 1.0
Area,233 61 179,5000.0,1.0 1.0
Area,61 206 125,5000.0,1.0 1.0
Area,179 125 249,5000.0,1.0 1.0
Area,248 180 120,5000.0,1.0 1.0
Area,180 234 65,5000.0,1.0 1.0
Area,120 65 204,5000.0,1.0 1.0
Area,234 181 63,5000.0,1.0 1.0
Area,181 254 154,5000.0,1.0 1.0
Area,63 154 220,5000.0,1.0 1.0
Area,204 64 122,5000.0,1.0 1.0
Area,64 220 153,5000.0,1.0 1.0
Area,122 153 241,5000.0,1.0 1.0
Area,249 124 182,5000.0,1.0 1.0
Area,124 205 68,5000.0,1.0 1.0
Area,182 68 235,5000.0,1.0 1.0
Area,205 123 66,5000.0,1.0 1.0
Area,123 241 151,5000.0,1.0 1.0
Area,66 151 219,5000.0,1.0 1.0
Area,235 67 183,5000.0,1.0 1.0
Area,67 219 150,5000.0,1.0 1.0
Area,183 150 253,5000.0,1.0 1.0
Area,257 184 176,5000.0,1.0 1.0
Area,184 236 71,5000.0,1.0 1.0
Area,176 71 232,5000.0,1.0 1.0
Area,236 185 69,5000.0,1.0 1.0
Area,185 250 127,5000.0,1.0 1.0
Area,69 127 209,5000.0,1.0 1.0
Area,232 70 178,5000.0,1.0 1.0
Area,70 209 131,5000.0,1.0 1.0
Area,178 131 248,5000.0,1.0 1.0
Area,250 186 126,5000.0,1.0 1.0
Area,186 237 74,5000.0,1.0 1.0
Area,126 74 207,5000.0,1.0 1.0
Area,237 187 72,5000.0,1.0 1.0
Area,187 255 162,5000.0,1.0 1.0
Area,72 162 224,5000.0,1.0 1.0
Area,207 73 128,5000.0,1.0 1.0
Area,73 224 161,5000.0,1.0 1.0
Area,128 161 243,5000.0,1.0 1.0
Area,248 130 180,5000.0,1.0 1.0
Area,130 208 77,5000.0,1.0 1.0
Area,180 77 234,5000.0,1.0 1.0
Area,208 129 75,5000.0,1.0 1.0
Area,129 243 159,5000.0,1.0 1.0
Area,75 159 223,5000.0,1.0 1.0
Area,234 76 181,5000.0,1.0 1.0
Area,76 223 158,5000.0,1.0 1.0
Area,181 158 254,5000.0,1.0 1.0
Area,257 188 184,5000.0,1.0 1.0
Area,188 238 80,5000.0,1.0 1.0
Area,184 80 236,5000.0,1.0 1.0
Area,238 189 78,5000.0,1.0 1.0
Area,189 251 133,5000.0,1.0 1.0
Area,78 133 212,5000.0,1.0 1.0
Area,236 79 185,5000.0,1.0 1.0
Area,79 212 137,5000.0,1.0 1.0
Area,185 137 250,5000.0,1.0 1.0
Area,251 190 132,5000.0,1.0 1.0
Area,190 239 83,5000.0,1.0 1.0
Area,132 83 210,5000.0,1.0 1.0
Area,239 191 81,5000.0,1.0 1.0
Area,191 256 170,5000.0,1.0 1.0
Area,81 170 228,5000.0,1.0 1.0
Area,210 82 134,5000.0,1.0 1.0
Area,82 228 169,5000.0,1.0 1.0
Area,134 169 245,5000.0,1.0 1.0
Area,250 136 186,5000.0,1.0 1.0
Area,136 211 86,5000.0,1.0 1.0
Area,186 86 237,5000.0,1.0 1.0
Area,211 135 84,5000.0,1.0 1.0
Area,135 245 167,5000.0,1.0 1.0
Area,84 167 227,5000.0,1.0 1.0
Area,237 85 187,5000.0,1.0 1.0
Area,85 227 166,5000.0,1.0 1.0
Area,187 166 255,5000.0,1.0 1.0
Area,257 177 188,5000.0,1.0 1.0
Area,177 233 89,5000.0,1.0 1.0
Area,188 89 238,5000.0,1.0 1.0
Area,233 179 87,5000.0,1.0 1.0
Area,179 249 139,5000.0,1.0 1.0
Area,87 139 215,5000.0,1.0 1.0
Area,238 88 189,5000.0,1.0 1.0
Area,88 215 143,5000.0,1.0 1.0
Area,189 143 251,5000.0,1.0 1.0
Area,249 182 138,5000.0,1.0 1.0
Area,182 235 92,5000.0,1.0 1.0
Area,138 92 213,5000.0,1.0 1.0
Area,235 183 90,5000.0,1.0 1.0
Area,183 253 175,5000.0,1.0 1.0
Area,90 175 231,5000.0,1.0 1.0
Area,213 91 140,5000.0,1.0 1.0
Area,91 231 174,5000.0,1.0 1.0
Area,140 174 247,5000.0,1.0 1.0
Area,251 142 190,5000.0,1.0 1.0
Area,142 214 95,5000.0,1.0 1.0
Area,190 95 239,5000.0,1.0 1.0
Area,214 141 93,5000.0,1.0 1.0
Area,141 247 173,5000.0,1.0 1.0
Area,93 173 230,5000.0,1.0 1.0
Area,239 94 191,5000.0,1.0 1.0
Area,94 230 172,5000.0,1.0 1.0
Area,191 172 256,5000.0,1.0 1.0
